DISTRICT NAME,UNIT NAME, YEAR,VEHICLE_INVOLVED,ACCIDENT CLASIFICATION,ACCIDENT SPOT,ACCIDENT LOCATION,MAIN CAUSE,HIT-RUN,SEVERITY,COLLISION TYPE,JUNCTION CONTROL,ROAD CHARACTER,ROAD-TYPE,SURFACE-TYPE,SURFACE CONDITION,ROAD CONDITION,WEATHER,LANE-TYPE,ROAD MARKING,SPOT CONDITIONS,SIDE WALK,ACCIDENT-ROAD,Latitude ,Longitude
North Tripura District,Dharmanagar,2021,3,Road accident,Near Forest Area,Local Road,Human Error,Yes,Low,Pedestrian Impact,None,Intersection,Local Road,Concrete,Slippery,Good,Clear,Dual,No,Moderate Lighting,Yes,Village Road,24.3783,92.1548
West tripura ,Agartala,2021,3,Road accident,market area,near ker chowmuhani,Human Error,Yes,High,Head-on,Stop Sign,Straight Road,State Road,Concrete,Slippery,Poor,Clear,Dual,No,Poor Lighting,No,State Road,23.8315,91.2868
Dhalai Tripura,Ambassa,2021,3,Road accident,market area,Local Road,Human Error,No,Medium,Pedestrian Impact,None,Curve,Highway,Concrete,Slippery,Good,Clear,Dual,Yes,Well-lit,Yes,State Road,23.9212,91.8513
North Tripura District,Dharmanagar,2021,3,Road accident,Near Forest Area,NH 8,Human Error,Yes,Low,Rear-end,None,Curve,Rural Road,Concrete,Dry,Good,Clear,Single,No,Moderate Lighting,No,Village Road,24.3783,92.1548
North Tripura District,Dharmanagar,2021,3,Road accident,Near Forest Area,NH 8,Human Error,Yes,Low,Side Impact,None,Intersection,National Hwy,Gravel,Dry,Fair,Clear,Single,Yes,Moderate Lighting,Yes,State Road,24.3783,92.1548
Sepahijala district,Bishalgarh,2021,1,Road accident,naer Thana,NH 8,Human Error,No,High,Animal Impact,Traffic Signal,Straight Road,Local Road,Concrete,Slippery,Poor,Foggy,Single,Yes,Moderate Lighting,Yes,Village Road,23.6739,91.2817
Sepahijala district,Bishalgarh,2022,2,Road accident,market area,NH8,Human Error,No,Medium,Animal Impact,None,Straight Road,Highway,Asphalt,Dry,Fair,Foggy,Single,Yes,Poor Lighting,No,Village Road,23.6739,91.2817
North Tripura District,Dharmanagar,2023,2,Road accident,Near Railway Station,Rural Road,Human Error,No,Medium,Animal Impact,Traffic Signal,Straight Road,National Hwy,Concrete,Slippery,Good,Clear,Dual,No,Moderate Lighting,No,Village Road,24.3783,92.1548
West tripura ,Agartala,2021,1,Road accident,near School,main road,Human Error,Yes,High,Head-on,None,Curve,Local Road,Asphalt,Wet,Fair,Foggy,Dual,Yes,Well-lit,Yes,Village Road,23.8315,91.2868
North Tripura District,Dharmanagar,2022,2,Road accident,market area,NH8,Human Error,No,Low,Rear-end,Stop Sign,Curve,Rural Road,Asphalt,Slippery,Poor,Clear,Single,No,Moderate Lighting,No,National Highway,24.3783,92.1548
Sepahijala district,Bishalgarh,2022,1,Road accident,near market,NH8,Human Error,No,High,Head-on,None,Straight Road,State Road,Asphalt,Dry,Fair,Foggy,Dual,Yes,Well-lit,No,State Road,23.6739,91.2817
Dhalai Tripura,Ambassa,2023,1,Road accident,Near Collage Area,Rural Road,Human Error,No,Low,Head-on,Traffic Signal,Straight Road,State Road,Concrete,Dry,Poor,Foggy,Single,Yes,Poor Lighting,Yes,Village Road,23.9212,91.8513
North Tripura ,Dharmanagar,2021,1,Road accident,Near Railway Station,NH8,Human Error,Yes,Low,Side Impact,Traffic Signal,Straight Road,National Hwy,Gravel,Wet,Fair,Rainy,Dual,No,Well-lit,No,National Highway,24.3783,92.1548
Dhalai Tripura,Ambassa,2021,2,Road accident,Near Railway Station,NH 8,Human Error,No,Medium,Pedestrian Impact,Stop Sign,Curve,Local Road,Gravel,Dry,Poor,Clear,Dual,No,Poor Lighting,No,State Road,23.9212,91.8513
North Tripura,Dharmanagar,2023,3,Road accident,Near Forest Area,Local Road,Human Error,No,Low,Head-on,Traffic Signal,Curve,National Hwy,Gravel,Slippery,Fair,Foggy,Dual,No,Well-lit,Yes,State Road,24.3783,92.1548
North Tripura ,Dharmanagar,2021,3,Road accident,Near Railway Station,Local Road,Human Error,No,Low,Side Impact,Traffic Signal,Curve,Highway,Concrete,Dry,Poor,Rainy,Single,No,Poor Lighting,Yes,Village Road,24.3783,92.1548
Dhalai Tripura,Ambassa,2022,1,Road accident,near market,Local Road,Human Error,Yes,High,Animal Impact,Stop Sign,Intersection,Rural Road,Concrete,Slippery,Poor,Rainy,Single,No,Well-lit,No,State Road,23.9212,91.8513
West tripura ,Agartala,2023,2,Road accident,near School,main road,Human Error,Yes,Medium,Rear-end,Stop Sign,Straight Road,Rural Road,Concrete,Wet,Poor,Clear,Single,No,Well-lit,No,National Highway,23.8315,91.2868
West tripura ,Agartala,2021,2,Road accident,near Raj bari,main road,Human Error,No,High,Pedestrian Impact,None,Intersection,Rural Road,Concrete,Dry,Good,Foggy,Dual,Yes,Poor Lighting,Yes,State Road,23.8315,91.2868
Gomati District ,Udaipur,2023,1,Road accident,Near Railway Station,Local Road,Human Error,No,Low,Rear-end,Traffic Signal,Straight Road,Local Road,Concrete,Wet,Fair,Rainy,Single,No,Poor Lighting,No,State Road,23.5243,91.4676
Gomati District ,Udaipur,2022,1,Road accident,Near Udaipur Lake,Town road,Human Error,No,Medium,Head-on,None,Straight Road,National Hwy,Gravel,Wet,Good,Rainy,Dual,No,Well-lit,Yes,town road,23.5243,91.4676
North Tripura District,Dharmanagar,2022,2,Road accident,near School,NH 8,Human Error,Yes,Medium,Animal Impact,Traffic Signal,Intersection,Rural Road,Gravel,Slippery,Poor,Clear,Dual,Yes,Moderate Lighting,Yes,town road,24.3783,92.1548
Gomati District ,Udaipur,2021,3,Road accident,Railway Station road,Local Road,Human Error,Yes,Low,Rear-end,Traffic Signal,Intersection,State Road,Asphalt,Wet,Fair,Rainy,Dual,No,Moderate Lighting,No,Village Road,23.5243,91.4676
Gomati District ,Udaipur,2022,3,Road accident,Near Udaipur Lake,Local Road,Human Error,Yes,Medium,Pedestrian Impact,None,Intersection,State Road,Asphalt,Dry,Good,Clear,Dual,No,Poor Lighting,Yes,town road,23.5243,91.4676
Gomati District ,Udaipur,2023,2,Road accident,near collage,national Highway,Human Error,Yes,Medium,Pedestrian Impact,Traffic Signal,Straight Road,Rural Road,Asphalt,Wet,Poor,Foggy,Dual,Yes,Moderate Lighting,Yes,State Road,23.5243,91.4676
North Tripura ,Dharmanagar,2022,2,Road accident,market area,Local Road,Human Error,No,High,Head-on,None,Curve,Rural Road,Asphalt,Dry,Fair,Clear,Dual,Yes,Well-lit,Yes,National Highway,24.3783,92.1548
North Tripura ,Dharmanagar,2023,1,Road accident,market area,Local Road,Human Error,No,High,Animal Impact,Stop Sign,Intersection,Highway,Gravel,Slippery,Poor,Clear,Dual,Yes,Moderate Lighting,No,town road,24.3783,92.1548
Dhalai Tripura,Ambassa,2022,3,Road accident,Near Forest Area,NH8,Human Error,No,High,Head-on,Traffic Signal,Curve,Highway,Concrete,Slippery,Fair,Clear,Dual,Yes,Well-lit,No,State Road,23.9212,91.8513
Gomati Tripura,Udaipur,2023,1,Road accident,near matabari,NH8,Human Error,Yes,Medium,Side Impact,None,Intersection,Highway,Concrete,Wet,Good,Clear,Dual,Yes,Well-lit,No,State Road,23.5243,91.4676
North Tripura ,Dharmanagar,2021,2,Road accident,Near Railway Station,Local Road,Human Error,Yes,High,Pedestrian Impact,Stop Sign,Curve,Highway,Asphalt,Dry,Poor,Foggy,Single,Yes,Poor Lighting,No,town road,24.3783,92.1548
Dhalai Tripura,Ambassa,2023,2,Road accident,Near Ambassa Market,Local Road,Human Error,Yes,High,Side Impact,None,Straight Road,Highway,Asphalt,Slippery,Good,Rainy,Single,No,Well-lit,No,National Highway,23.9212,91.8513
North Tripura ,Dharmanagar,2021,1,Road accident,Near Ambassa Market,main road,Human Error,No,Low,Side Impact,Stop Sign,Curve,Highway,Concrete,Slippery,Fair,Clear,Dual,Yes,Moderate Lighting,No,National Highway,24.3783,92.1548
Dhalai Tripura,Ambassa,2023,2,Road accident,Near Ambassa Market,main road,Human Error,No,Medium,Side Impact,None,Straight Road,Local Road,Concrete,Slippery,Fair,Foggy,Single,Yes,Moderate Lighting,Yes,town road,23.9212,91.8513
North Tripura ,Dharmanagar,2021,1,Road accident,market area,Local Road,Human Error,No,Medium,Rear-end,Traffic Signal,Curve,Local Road,Concrete,Dry,Good,Foggy,Single,Yes,Well-lit,Yes,town road,24.3783,92.1548
North Tripura ,Dharmanagar,2021,3,Road accident,market area,Rural Road,Human Error,Yes,High,Head-on,Stop Sign,Curve,State Road,Asphalt,Wet,Fair,Clear,Dual,Yes,Moderate Lighting,Yes,State Road,24.3783,92.1548
Gomati District ,Udaipur,2023,1,Road accident,Near Raj Bhavan,Rural Road,Human Error,Yes,Medium,Rear-end,None,Intersection,Local Road,Gravel,Slippery,Poor,Foggy,Single,No,Moderate Lighting,No,Village Road,23.5243,91.4676
Sepahijala district,Bishalgarh,2021,1,Road accident,market area,NH 8,Human Error,No,Low,Rear-end,Stop Sign,Intersection,Highway,Gravel,Wet,Good,Clear,Single,No,Moderate Lighting,Yes,National Highway,23.6739,91.2817
West tripura ,Agartala,2022,1,Road accident,near Rabindra bhavan,main road,Human Error,No,Low,Pedestrian Impact,None,Intersection,State Road,Gravel,Dry,Poor,Foggy,Single,No,Poor Lighting,Yes,town road,23.8315,91.2868
West tripura ,Agartala,2023,3,Road accident,Near Assembly ,NH 8,Human Error,Yes,Medium,Side Impact,None,Straight Road,Local Road,Asphalt,Dry,Fair,Foggy,Single,No,Poor Lighting,No,main Road,23.8315,91.2868
Gomati Tripura,Udaipur,2021,2,Road accident,Near Railway Station,Local Road,Human Error,No,Medium,Animal Impact,Traffic Signal,Intersection,Highway,Concrete,Slippery,Poor,Clear,Dual,No,Poor Lighting,Yes,Village Road,23.5243,91.4676
West tripura ,Agartala,2021,2,Road accident,Near Railway Station,Local Road,Human Error,Yes,Low,Head-on,None,Intersection,National Hwy,Concrete,Slippery,Good,Foggy,Single,No,Poor Lighting,Yes,main Road,23.8315,91.2868
North Tripura ,Dharmanagar,2022,2,Road accident,market area,Local Road,Human Error,Yes,Low,Animal Impact,Stop Sign,Straight Road,Rural Road,Asphalt,Dry,Good,Rainy,Dual,Yes,Moderate Lighting,No,State Road,24.3783,92.1548
Dhalai Tripura,Ambassa,2022,3,Road accident,Near Railway Station,Local Road,Human Error,Yes,Low,Head-on,Traffic Signal,Intersection,Local Road,Asphalt,Dry,Fair,Clear,Single,Yes,Moderate Lighting,Yes,main Road,23.9212,91.8513
Gomati District ,Udaipur,2022,2,Road accident,Near Raj Bhavan,Rural Road,Human Error,Yes,Low,Side Impact,Stop Sign,Straight Road,Rural Road,Concrete,Wet,Poor,Clear,Single,Yes,Moderate Lighting,Yes,Village Road,23.5243,91.4676
Gomati District ,Udaipur,2023,2,Road accident,Near Railway Station,Local Road,Human Error,Yes,High,Rear-end,Stop Sign,Straight Road,Highway,Concrete,Slippery,Good,Rainy,Dual,No,Moderate Lighting,Yes,Village Road,23.5243,91.4676
Sepahijala district,Bishalgarh,2023,2,Road accident,Near Railway Station,Local Road,Human Error,No,Low,Side Impact,Stop Sign,Straight Road,Rural Road,Concrete,Wet,Poor,Foggy,Dual,No,Well-lit,Yes,Village Road,23.6739,91.2817
Dhalai Tripura,Ambassa,2022,2,Road accident,near School,Local Road,Human Error,No,High,Rear-end,None,Straight Road,Rural Road,Concrete,Wet,Fair,Rainy,Single,No,Well-lit,No,main Road,23.9212,91.8513
Sepahijala Tripura,Bishalgarh,2022,3,Road accident,near Hospital,main road,Human Error,Yes,Low,Head-on,None,Straight Road,State Road,Asphalt,Slippery,Fair,Clear,Single,Yes,Well-lit,No,National Highway,23.6739,91.2817
North Tripura ,Dharmanagar,2023,2,Road accident,near market,Local Road,Human Error,Yes,High,Side Impact,Stop Sign,Intersection,Local Road,Concrete,Dry,Fair,Clear,Dual,Yes,Well-lit,No,town road,24.3783,92.1548
West tripura ,Agartala,2021,1,Road accident,Dropgate,main road,Human Error,No,Low,Animal Impact,Traffic Signal,Straight Road,State Road,Concrete,Wet,Good,Rainy,Single,Yes,Well-lit,No,State Road,23.8315,91.2868
North Tripura,Dharmanagar,2022,2,Road accident,Near Forest Area,NH 8,Human Error,Yes,High,Rear-end,Traffic Signal,Intersection,Highway,Asphalt,Wet,Good,Clear,Single,No,Well-lit,No,State Road,24.3783,92.1548
Dhalai Tripura,Ambassa,2023,1,Road accident,Near Ambassa Market,Local Road,Human Error,No,High,Side Impact,None,Curve,State Road,Asphalt,Dry,Fair,Rainy,Single,Yes,Poor Lighting,No,main Road,23.9212,91.8513
Gomati District ,Udaipur,2021,2,Road accident,Near Railway Station,Local Road,Human Error,No,Medium,Animal Impact,None,Curve,Local Road,Asphalt,Wet,Fair,Foggy,Dual,Yes,Moderate Lighting,Yes,Village Road,23.5243,91.4676
North Tripura District,Dharmanagar,2023,1,Road accident,market area,Local Road,Human Error,Yes,High,Rear-end,None,Curve,Rural Road,Concrete,Wet,Good,Clear,Single,Yes,Poor Lighting,No,main Road,24.3783,92.1548
West tripura ,Agartala,2022,2,Road accident,Near Raj Bhavan,main road,Human Error,Yes,High,Pedestrian Impact,Traffic Signal,Intersection,National Hwy,Concrete,Wet,Poor,Clear,Dual,Yes,Well-lit,No,town road,23.8315,91.2868
Sepahijala district,Bishalgarh,2023,1,Road accident,market area,NH 8,Human Error,Yes,High,Animal Impact,Stop Sign,Straight Road,National Hwy,Concrete,Dry,Poor,Foggy,Dual,No,Well-lit,No,National Highway,23.6739,91.2817
North Tripura,Dharmanagar,2021,3,Road accident,market area,Local Road,Human Error,Yes,High,Side Impact,Stop Sign,Intersection,Rural Road,Concrete,Wet,Poor,Foggy,Single,Yes,Poor Lighting,No,town road,24.3783,92.1548
West tripura ,Agartala,2021,3,Road accident,Near Railway Station,Local Road,Human Error,Yes,High,Pedestrian Impact,None,Straight Road,Rural Road,Asphalt,Dry,Good,Foggy,Dual,Yes,Well-lit,No,town road,23.8315,91.2868
North Tripura,Dharmanagar,2023,1,Road accident,market area,Local Road,Human Error,No,Medium,Side Impact,Traffic Signal,Straight Road,Rural Road,Asphalt,Dry,Fair,Clear,Dual,Yes,Well-lit,Yes,main Road,24.3783,92.1548
West tripura ,Agartala,2021,3,Road accident,Near Forest Area,Rural Road,Human Error,Yes,Medium,Animal Impact,Traffic Signal,Intersection,National Hwy,Gravel,Slippery,Poor,Rainy,Single,Yes,Poor Lighting,No,Village Road,23.8315,91.2868
North Tripura ,Dharmanagar,2023,2,Road accident,near School,Local Road,Human Error,Yes,High,Side Impact,None,Straight Road,Rural Road,Asphalt,Slippery,Poor,Rainy,Single,Yes,Well-lit,No,Village Road,24.3783,92.1548
West tripura ,Agartala,2023,2,Road accident,Near Raj Bhavan,Local Road,Human Error,No,Low,Animal Impact,Traffic Signal,Curve,National Hwy,Asphalt,Slippery,Fair,Clear,Dual,Yes,Poor Lighting,No,town road,23.8315,91.2868
Dhalai Tripura,Ambassa,2022,3,Road accident,near market,Local Road,Human Error,Yes,Medium,Pedestrian Impact,Stop Sign,Straight Road,Local Road,Asphalt,Dry,Poor,Rainy,Single,Yes,Well-lit,No,town road,23.9212,91.8513
North Tripura,Dharmanagar,2022,2,Road accident,Near Forest Area,NH8,Human Error,No,High,Animal Impact,Stop Sign,Curve,Highway,Concrete,Dry,Good,Rainy,Single,No,Poor Lighting,No,Village Road,24.3783,92.1548
Sepahijala district,Bishalgarh,2023,2,Road accident,market area,main road,Human Error,No,Medium,Side Impact,None,Straight Road,Highway,Concrete,Wet,Fair,Foggy,Dual,Yes,Well-lit,No,National Highway,23.6739,91.2817
West tripura ,Agartala,2021,2,Road accident,Near Raj Bhavan,main road,Human Error,No,Low,Pedestrian Impact,Stop Sign,Straight Road,Local Road,Gravel,Slippery,Poor,Clear,Single,Yes,Well-lit,No,town road,23.8315,91.2868
Dhalai Tripura,Ambassa,2023,1,Road accident,Near Ambassa Market,NH 8,Human Error,No,High,Rear-end,None,Straight Road,Highway,Asphalt,Slippery,Good,Clear,Dual,Yes,Poor Lighting,No,National Highway,23.9212,91.8513
Dhalai Tripura,Ambassa,2022,1,Road accident,near market,NH 8,Human Error,Yes,High,Animal Impact,Stop Sign,Intersection,State Road,Asphalt,Wet,Poor,Rainy,Single,No,Poor Lighting,No,State Road,23.9212,91.8513
North Tripura,Dharmanagar,2021,2,Road accident,near collage,Local Road,Human Error,Yes,Medium,Head-on,Traffic Signal,Intersection,National Hwy,Concrete,Slippery,Fair,Rainy,Single,No,Well-lit,No,National Highway,24.3783,92.1548
Gomati District ,Udaipur,2021,2,Road accident,Near Forest Area,Rural Road,Human Error,Yes,Medium,Rear-end,Stop Sign,Curve,Local Road,Asphalt,Slippery,Fair,Clear,Dual,No,Moderate Lighting,No,National Highway,23.5243,91.4676
North Tripura District,Dharmanagar,2023,2,Road accident,market area,Local Road,Human Error,No,High,Pedestrian Impact,None,Intersection,National Hwy,Asphalt,Wet,Good,Clear,Dual,No,Poor Lighting,Yes,State Road,24.3783,92.1548
West tripura ,Agartala,2022,2,Road accident,Near Forest Area,Rural Road,Human Error,Yes,High,Pedestrian Impact,Stop Sign,Curve,National Hwy,Gravel,Wet,Poor,Foggy,Single,Yes,Poor Lighting,No,Village Road,23.8315,91.2868
Gomati District ,Udaipur,2021,2,Road accident,near Hospital,NH8,Human Error,No,High,Side Impact,Stop Sign,Curve,Local Road,Gravel,Wet,Fair,Foggy,Dual,No,Well-lit,Yes,State Road,23.5243,91.4676
North Tripura ,Dharmanagar,2021,2,Road accident,market area,Local Road,Human Error,No,High,Rear-end,None,Intersection,Local Road,Gravel,Wet,Good,Rainy,Dual,No,Poor Lighting,Yes,National Highway,24.3783,92.1548
Dhalai Tripura,Ambassa,2022,1,Road accident,market area,Rural Road,Human Error,No,Medium,Head-on,Stop Sign,Intersection,Highway,Asphalt,Slippery,Fair,Clear,Single,No,Well-lit,No,State Road,23.9212,91.8513
North Tripura ,Dharmanagar,2021,3,Road accident,near collage,Rural Road,Human Error,No,Low,Pedestrian Impact,None,Straight Road,State Road,Gravel,Wet,Good,Clear,Dual,No,Well-lit,Yes,State Road,24.3783,92.1548
Sepahijala district,Bishalgarh,2022,2,Road accident,market area,NH 8,Human Error,Yes,High,Head-on,Traffic Signal,Intersection,Local Road,Asphalt,Slippery,Poor,Rainy,Single,No,Poor Lighting,No,National Highway,23.6739,91.2817
West tripura ,Agartala,2021,1,Road accident,Near Raj Bhavan,NH 8,Human Error,No,Medium,Animal Impact,None,Curve,Local Road,Asphalt,Slippery,Poor,Foggy,Dual,Yes,Poor Lighting,Yes,Village Road,23.8315,91.2868
Gomati District ,Udaipur,2021,1,Road accident,Near Udaipur Lake,Local Road,Human Error,No,Low,Head-on,None,Straight Road,Local Road,Concrete,Dry,Good,Foggy,Single,No,Well-lit,No,Village Road,23.5243,91.4676
North Tripura ,Dharmanagar,2022,3,Road accident,Near Forest Area,NH 8,Human Error,No,High,Rear-end,Stop Sign,Intersection,State Road,Gravel,Slippery,Fair,Foggy,Dual,No,Well-lit,Yes,State Road,24.3783,92.1548
West tripura ,Agartala,2022,2,Road accident,Near Forest Area,Local Road,Human Error,Yes,Low,Pedestrian Impact,Stop Sign,Curve,National Hwy,Gravel,Wet,Poor,Rainy,Dual,No,Moderate Lighting,No,National Highway,23.8315,91.2868
West tripura ,Agartala,2021,2,Road accident,near Science City,NH8,Human Error,No,High,Rear-end,Traffic Signal,Straight Road,Local Road,Gravel,Dry,Good,Rainy,Dual,No,Moderate Lighting,No,National Highway,23.8315,91.2868
Sepahijala district,Bishalgarh,2021,3,Road accident,Near Forest Area,NH 8,Human Error,No,Low,Side Impact,None,Straight Road,State Road,Asphalt,Dry,Poor,Clear,Single,No,Well-lit,No,National Highway,23.6739,91.2817
Sepahijala district,Bishalgarh,2022,3,Road accident,Near Forest Area,NH 8,Human Error,Yes,Low,Side Impact,Traffic Signal,Curve,Local Road,Concrete,Dry,Good,Rainy,Dual,Yes,Moderate Lighting,No,National Highway,23.6739,91.2817
West tripura ,Agartala,2023,1,Road accident,Near Raj Bhavan,main road,Human Error,No,High,Rear-end,None,Intersection,Highway,Asphalt,Slippery,Good,Clear,Dual,No,Moderate Lighting,Yes,town road,23.8315,91.2868
Dhalai Tripura,Ambassa,2021,3,Road accident,Near Forest Area,Local Road,Human Error,No,Low,Rear-end,None,Curve,Highway,Asphalt,Slippery,Fair,Foggy,Dual,No,Poor Lighting,No,State Road,23.9212,91.8513
Dhalai Tripura,Ambassa,2023,3,Road accident,Near Railway Station,NH8,Human Error,No,Low,Animal Impact,Stop Sign,Straight Road,Highway,Concrete,Slippery,Good,Foggy,Single,Yes,Poor Lighting,No,National Highway,23.9212,91.8513
Dhalai Tripura,Ambassa,2023,2,Road accident,market area,Local Road,Human Error,No,Medium,Side Impact,Traffic Signal,Straight Road,Local Road,Asphalt,Slippery,Poor,Clear,Dual,Yes,Well-lit,Yes,National Highway,23.9212,91.8513
West tripura ,Agartala,2023,3,Road accident,Near Raj Bhavan,main road,Human Error,No,Medium,Head-on,Stop Sign,Intersection,Local Road,Gravel,Wet,Fair,Foggy,Single,Yes,Moderate Lighting,No,town road,23.8315,91.2868
Dhalai Tripura,Ambassa,2023,1,Road accident,Near Forest Area,Local Road,Human Error,Yes,Medium,Rear-end,Traffic Signal,Straight Road,State Road,Asphalt,Wet,Good,Foggy,Single,No,Moderate Lighting,Yes,National Highway,23.9212,91.8513
North Tripura ,Dharmanagar,2023,3,Road accident,market area,Local Road,Human Error,No,Medium,Side Impact,None,Curve,National Hwy,Concrete,Dry,Fair,Clear,Dual,No,Well-lit,Yes,town road,24.3783,92.1548
Sepahijala Tripura,Bishalgarh,2023,3,Road accident,Near Forest Area,NH 8,Human Error,No,Medium,Head-on,Stop Sign,Intersection,State Road,Gravel,Dry,Good,Rainy,Dual,Yes,Well-lit,Yes,National Highway,23.6739,91.2817
Sepahijala Tripura,Bishalgarh,2022,1,Road accident,Near Forest Area,NH 8,Human Error,Yes,Low,Side Impact,Stop Sign,Curve,National Hwy,Concrete,Dry,Good,Rainy,Single,No,Moderate Lighting,Yes,State Road,23.6739,91.2817
Sepahijala Tripura,Bishalgarh,2021,1,Road accident,Near Railway Station,NH8,Human Error,Yes,Low,Pedestrian Impact,Stop Sign,Straight Road,Rural Road,Concrete,Dry,Fair,Foggy,Dual,No,Well-lit,Yes,Local Road,23.6739,91.2817
West tripura ,Agartala,2021,1,Road accident,Near market area,main road,Human Error,Yes,Low,Head-on,None,Curve,Highway,Gravel,Slippery,Fair,Rainy,Dual,Yes,Poor Lighting,No,State Road,23.8315,91.2868
Gomati Tripura,Udaipur,2022,2,Road accident,Near Udaipur Lake,Local Road,Human Error,Yes,High,Side Impact,None,Intersection,Rural Road,Concrete,Dry,Poor,Foggy,Dual,Yes,Moderate Lighting,No,town road,23.5243,91.4676
North Tripura ,Dharmanagar,2021,3,Road accident,Near Railway Station,Local Road,Human Error,Yes,Medium,Side Impact,Stop Sign,Curve,National Hwy,Asphalt,Wet,Poor,Rainy,Dual,No,Moderate Lighting,Yes,town road,24.3783,92.1548
Gomati Tripura,Udaipur,2023,2,Road accident,Near Railway Station,Local Road,Human Error,Yes,Low,Side Impact,Stop Sign,Curve,Rural Road,Gravel,Dry,Poor,Rainy,Dual,Yes,Well-lit,Yes,Village Road,23.5243,91.4676
West tripura ,Agartala,2022,1,Road accident,Near Railway Station,Local Road,Human Error,Yes,High,Animal Impact,None,Curve,Local Road,Concrete,Slippery,Poor,Foggy,Dual,Yes,Poor Lighting,Yes,town road,23.8315,91.2868
West tripura ,Agartala,2021,2,Road accident,Near Railway Station,Local Road,Human Error,No,Medium,Head-on,Traffic Signal,Intersection,Rural Road,Gravel,Wet,Poor,Rainy,Single,No,Moderate Lighting,Yes,town road,23.8315,91.2868
Dhalai Tripura,Ambassa,2021,2,Road accident,near market area,Local Road,Human Error,Yes,Medium,Side Impact,Stop Sign,Curve,Local Road,Gravel,Slippery,Poor,Clear,Single,Yes,Well-lit,No,town road,23.9212,91.8513
Gomati Tripura,Udaipur,2021,2,Road accident,near collage,NH8,Human Error,Yes,High,Animal Impact,Traffic Signal,Intersection,State Road,Concrete,Dry,Poor,Clear,Dual,No,Poor Lighting,No,National Highway,23.5243,91.4676
Dhalai Tripura,Ambassa,2023,3,Road accident,Near Railway Station,Local Road,Human Error,No,Medium,Rear-end,Traffic Signal,Straight Road,Highway,Concrete,Wet,Good,Foggy,Single,No,Well-lit,No,town road,23.9212,91.8513
North Tripura ,Dharmanagar,2022,1,Road accident,Near Railway Station,Local Road,Human Error,Yes,High,Pedestrian Impact,Stop Sign,Straight Road,National Hwy,Gravel,Dry,Fair,Clear,Single,Yes,Well-lit,No,town road,24.3783,92.1548
West tripura ,Agartala,2021,2,Road accident,Near Railway Station,Local Road,Human Error,Yes,Medium,Pedestrian Impact,Traffic Signal,Straight Road,Highway,Asphalt,Dry,Fair,Rainy,Dual,Yes,Poor Lighting,Yes,town road,23.8315,91.2868
Sepahijala Tripura,Bishalgarh,2022,2,Road accident,Near Forest Area,NH8,Human Error,Yes,Medium,Pedestrian Impact,None,Straight Road,Rural Road,Gravel,Wet,Poor,Rainy,Dual,No,Moderate Lighting,No,National Highway,23.6739,91.2817
North Tripura ,Dharmanagar,2022,1,Road accident,Near Forest Area,NH 8,Human Error,Yes,Medium,Pedestrian Impact,Traffic Signal,Straight Road,National Hwy,Gravel,Dry,Fair,Rainy,Dual,Yes,Well-lit,Yes,National Highway,24.3783,92.1548
West tripura ,Agartala,2021,1,Road accident,Near Forest Area,NH 8,Human Error,Yes,Low,Rear-end,Traffic Signal,Curve,Local Road,Gravel,Slippery,Fair,Clear,Dual,Yes,Moderate Lighting,No,National Highway,23.8315,91.2868
West tripura ,Agartala,2023,3,Road accident,Near Forest Area,NH 8,Human Error,No,Medium,Animal Impact,None,Intersection,Local Road,Gravel,Slippery,Poor,Clear,Dual,No,Poor Lighting,Yes,National Highway,23.8315,91.2868
West tripura ,Agartala,2022,1,Road accident,Near Battala Market,main road,Human Error,Yes,Low,Pedestrian Impact,Traffic Signal,Straight Road,Rural Road,Concrete,Wet,Good,Clear,Dual,No,Moderate Lighting,No,town road,23.8315,91.2868
Gomati Tripura,Udaipur,2022,2,Road accident,near Hospital,main road,Human Error,No,High,Animal Impact,Traffic Signal,Curve,National Hwy,Gravel,Wet,Fair,Rainy,Dual,No,Well-lit,Yes,National Highway,23.5243,91.4676
Sepahijala Tripura,Bishalgarh,2023,2,Road accident,Near Forest Area,Local Road,Human Error,Yes,High,Head-on,Traffic Signal,Intersection,Highway,Gravel,Dry,Good,Foggy,Dual,No,Poor Lighting,Yes,National Highway,23.6739,91.2817
Sepahijala Tripura,Bishalgarh,2021,2,Road accident,near Hospital,main road,Human Error,No,Medium,Rear-end,Traffic Signal,Intersection,Rural Road,Asphalt,Slippery,Good,Foggy,Single,No,Poor Lighting,Yes,National Highway,23.6739,91.2817
North Tripura,Dharmanagar,2022,1,Road accident,Near Forest Area,Rural Road,Human Error,No,Low,Pedestrian Impact,Stop Sign,Curve,Local Road,Concrete,Wet,Poor,Rainy,Dual,Yes,Moderate Lighting,Yes,Village Road,24.3783,92.1548
Dhalai Tripura,Ambassa,2022,1,Road accident,Near Railway Station,Local Road,Human Error,No,Medium,Pedestrian Impact,Traffic Signal,Intersection,Highway,Asphalt,Slippery,Poor,Rainy,Dual,Yes,Well-lit,No,town road,23.9212,91.8513