DISTRICT NAME,UNIT NAME, YEAR,VEHICLE_INVOLVED,ACCIDENT CLASIFICATION,ACCIDENT SPOT,ACCIDENT LOCATION,MAIN CAUSE,HIT-RUN,SEVERITY,COLLISION TYPE,JUNCTION CONTROL,ROAD CHARACTER,ROAD-TYPE,SURFACE-TYPE,SURFACE CONDITION,ROAD CONDITION,WEATHER,LANE-TYPE,ROAD MARKING,SPOT CONDITIONS,SIDE WALK,ACCIDENT-ROAD,Latitude ,Longitude
West tripura ,Agartala,2021,1,Road accident,Near  Radhanagar Lake,State Road,Human Error,Yes,High,Rear-end,None,Straight Road,Rural Road,Concrete,Slippery,Poor,Clear,Single,Yes,Moderate Lighting,No,town road,23.8315,91.2868
Dhalai Tripura,Ambassa,2021,3,Road accident,Near Railway Station,Rural Road,Human Error,No,Medium,Side Impact,Traffic Signal,Curve,Rural Road,Concrete,Wet,Poor,Rainy,Dual,No,Poor Lighting,Yes,Village Road,23.9212,91.8513
West tripura ,Agartala,2022,1,Road accident,Near Battala Market,Local Road,Human Error,No,High,Head-on,Traffic Signal,Curve,State Road,Asphalt,Slippery,Poor,Clear,Single,No,Moderate Lighting,Yes,National Highway,23.8315,91.2868
Gomati Tripura,Udaipur,2021,1,Road accident,Near Railway Station,NH 8,Human Error,Yes,Low,Side Impact,Traffic Signal,Curve,Rural Road,Asphalt,Slippery,Poor,Clear,Dual,Yes,Moderate Lighting,No,State Road,23.5243,91.4676
Gomati Tripura,Udaipur,2022,2,Road accident,Near Forest Area,Rural Road,Human Error,No,Medium,Animal Impact,None,Straight Road,National Hwy,Asphalt,Slippery,Good,Foggy,Dual,Yes,Well-lit,Yes,Village Road,23.5243,91.4676
West tripura ,Agartala,2022,2,Road accident,Near Raj Bhavan,Town road,Human Error,No,High,Head-on,Traffic Signal,Intersection,Highway,Gravel,Dry,Poor,Clear,Dual,No,Well-lit,Yes,State Road,23.8315,91.2868
Sepahijala district,Bishalgarh,2023,1,Road accident,Near Railway Station,Local Road,Human Error,No,High,Animal Impact,Stop Sign,Straight Road,Local Road,Concrete,Wet,Poor,Rainy,Dual,No,Well-lit,No,State Road,23.6739,91.2817
West tripura ,Agartala,2022,1,Road accident,Near Railway Station,Town road,Human Error,No,Medium,Head-on,Traffic Signal,Intersection,Local Road,Gravel,Dry,Poor,Foggy,Single,No,Poor Lighting,No,National Highway,23.8315,91.2868
Sepahijala Tripura,Bishalgarh,2022,1,Road accident,Near Forest Area,Local Road,Human Error,Yes,High,Side Impact,None,Intersection,National Hwy,Concrete,Dry,Fair,Rainy,Dual,Yes,Poor Lighting,Yes,National Highway,23.6739,91.2817
Dhalai Tripura,Ambassa,2021,1,Road accident,Near Market,NH 8,Human Error,Yes,Medium,Animal Impact,Stop Sign,Intersection,Highway,Gravel,Wet,Poor,Foggy,Dual,Yes,Moderate Lighting,No,National Highway,23.9212,91.8513
West tripura ,Agartala,2021,3,Road accident,Near Radhanagar Stand,Town road,Human Error,Yes,High,Animal Impact,Stop Sign,Straight Road,Highway,Asphalt,Wet,Poor,Rainy,Dual,Yes,Poor Lighting,No,town road,23.8315,91.2868
Gomati Tripura,Udaipur,2021,3,Road accident,Near Udaipur Lake,NH8,Human Error,Yes,High,Pedestrian Impact,Traffic Signal,Curve,State Road,Concrete,Wet,Fair,Foggy,Single,No,Poor Lighting,No,National Highway,23.5243,91.4676
North Tripura ,Dharmanagar,2022,3,Road accident,Near Railway Station,Local Road,Human Error,Yes,Medium,Head-on,Traffic Signal,Curve,Highway,Asphalt,Dry,Poor,Rainy,Single,No,Well-lit,No,National Highway,24.3783,92.1548
Gomati Tripura,Udaipur,2021,3,Road accident,Near Market,Local Road,Human Error,No,Low,Rear-end,Traffic Signal,Intersection,Rural Road,Asphalt,Slippery,Poor,Rainy,Single,Yes,Moderate Lighting,No,State Road,23.5243,91.4676
Gomati Tripura,Udaipur,2023,2,Road accident,Near Old Raj Bari,Local Road,Human Error,No,Low,Pedestrian Impact,Traffic Signal,Curve,Local Road,Concrete,Dry,Poor,Rainy,Dual,No,Poor Lighting,No,Village Road,23.5243,91.4676
Gomati Tripura,Udaipur,2022,2,Road accident,Near Railway Station,Local Road,Human Error,Yes,Low,Animal Impact,Stop Sign,Intersection,Rural Road,Asphalt,Dry,Good,Clear,Single,Yes,Poor Lighting,Yes,Village Road,23.5243,91.4676
West tripura ,Agartala,2021,1,Road accident,Near Railway Station,NH8,Human Error,No,Low,Animal Impact,Traffic Signal,Intersection,National Hwy,Gravel,Slippery,Good,Clear,Dual,No,Moderate Lighting,No,National Highway,23.8315,91.2868
Sepahijala Tripura,Bishalgarh,2023,1,Road accident,Near Forest Area,NH 8,Human Error,No,Medium,Rear-end,Stop Sign,Straight Road,Local Road,Asphalt,Dry,Fair,Rainy,Single,Yes,Poor Lighting,Yes,National Highway,23.6739,91.2817
North Tripura ,Dharmanagar,2021,3,Road accident,Near Railway Station,Rural Road,Human Error,No,Medium,Rear-end,Stop Sign,Straight Road,Local Road,Asphalt,Dry,Fair,Foggy,Dual,Yes,Moderate Lighting,No,Village Road,24.3783,92.1548
Dhalai Tripura,Ambassa,2023,2,Road accident,Near Railway Station,Rural Road,Human Error,Yes,Low,Head-on,None,Curve,Local Road,Asphalt,Slippery,Poor,Rainy,Dual,No,Poor Lighting,No,Village Road,23.9212,91.8513
Sepahijala Tripura,Bishalgarh,2022,2,Road accident,Near Market,Local Road,Human Error,Yes,Medium,Pedestrian Impact,Stop Sign,Intersection,National Hwy,Gravel,Dry,Good,Clear,Single,No,Moderate Lighting,No,National Highway,23.6739,91.2817
West tripura ,Agartala,2021,3,Road accident,Near Forest Area,Local Road,Human Error,No,High,Head-on,Stop Sign,Intersection,National Hwy,Gravel,Wet,Fair,Foggy,Dual,No,Well-lit,No,Village Road,23.8315,91.2868
North Tripura,Dharmanagar,2021,1,Road accident,market area,Town road,Human Error,Yes,High,Head-on,Stop Sign,Intersection,Rural Road,Concrete,Wet,Poor,Rainy,Dual,No,Moderate Lighting,No,State Road,24.3783,92.1548
Gomati Tripura,Udaipur,2021,2,Road accident,Near Railway Station,Local Road,Human Error,Yes,Medium,Pedestrian Impact,None,Intersection,Local Road,Asphalt,Dry,Poor,Foggy,Single,Yes,Well-lit,No,Village Road,23.5243,91.4676
North Tripura ,Dharmanagar,2022,3,Road accident,Near market area,Town road,Human Error,No,High,Rear-end,Stop Sign,Curve,Rural Road,Asphalt,Slippery,Good,Rainy,Single,Yes,Poor Lighting,Yes,State Road,24.3783,92.1548
Gomati Tripura,Udaipur,2023,2,Road accident,Near Udaipur Lake,Local Road,Human Error,No,High,Side Impact,None,Intersection,State Road,Asphalt,Slippery,Poor,Foggy,Dual,No,Moderate Lighting,No,town road,23.5243,91.4676
West tripura ,Agartala,2023,3,Road accident,Near Market Area,Town road,Human Error,Yes,High,Animal Impact,None,Straight Road,State Road,Concrete,Slippery,Fair,Foggy,Dual,No,Moderate Lighting,Yes,National Highway,23.8315,91.2868
Dhalai Tripura,Ambassa,2023,1,Road accident,Near Railway Station,Local Road,Human Error,Yes,High,Pedestrian Impact,None,Straight Road,Rural Road,Gravel,Dry,Good,Foggy,Single,Yes,Moderate Lighting,No,State Road,23.9212,91.8513
Gomati Tripura,Udaipur,2022,2,Road accident,Near Forest Area,NH8,Human Error,Yes,Low,Animal Impact,None,Curve,Local Road,Concrete,Dry,Poor,Rainy,Dual,No,Well-lit,Yes,National Highway,23.5243,91.4676
Gomati Tripura,Udaipur,2021,2,Road accident,Near Udaipur Lake,Local Road,Human Error,Yes,Low,Rear-end,None,Straight Road,Local Road,Concrete,Slippery,Good,Rainy,Dual,No,Moderate Lighting,Yes,town road,23.5243,91.4676
Gomati Tripura,Udaipur,2023,1,Road accident,Near Market,Local Road,Human Error,Yes,Medium,Animal Impact,Stop Sign,Intersection,Local Road,Asphalt,Dry,Fair,Foggy,Dual,No,Well-lit,Yes,State Road,23.5243,91.4676
North Tripura ,Dharmanagar,2023,3,Road accident,Near School,Local Road,Human Error,No,High,Animal Impact,None,Intersection,Local Road,Gravel,Dry,Poor,Foggy,Single,Yes,Well-lit,No,Village Road,24.3783,92.1548
Dhalai Tripura,Ambassa,2023,1,Road accident,Near Railway Station,Rural Road,Human Error,Yes,High,Animal Impact,Stop Sign,Curve,National Hwy,Asphalt,Dry,Poor,Rainy,Single,No,Poor Lighting,Yes,Village Road,23.9212,91.8513
Dhalai Tripura,Ambassa,2023,2,Road accident,Near Ambassa Market,Local Road,Human Error,Yes,Low,Head-on,None,Curve,Local Road,Gravel,Slippery,Fair,Clear,Dual,Yes,Poor Lighting,Yes,National Highway,23.9212,91.8513
Dhalai Tripura,Ambassa,2023,2,Road accident,Near School,Local Road,Human Error,Yes,Low,Animal Impact,Traffic Signal,Straight Road,Local Road,Asphalt,Dry,Poor,Foggy,Dual,No,Moderate Lighting,Yes,Village Road,23.9212,91.8513
Sepahijala Tripura,Bishalgarh,2023,1,Road accident,Near Forest Area,NH 8,Human Error,No,High,Head-on,None,Intersection,National Hwy,Concrete,Dry,Fair,Foggy,Dual,Yes,Moderate Lighting,No,Village Road,23.6739,91.2817
Sepahijala Tripura,Bishalgarh,2023,2,Road accident,Near Market,Rural Road,Human Error,No,Medium,Side Impact,None,Straight Road,Local Road,Gravel,Slippery,Poor,Foggy,Dual,Yes,Moderate Lighting,No,National Highway,23.6739,91.2817
Sepahijala Tripura,Bishalgarh,2022,1,Road accident,Near Ambassa Market,Local Road,Human Error,No,Medium,Animal Impact,Stop Sign,Intersection,State Road,Concrete,Slippery,Good,Clear,Single,Yes,Well-lit,Yes,State Road,23.6739,91.2817
Sepahijala Tripura,Bishalgarh,2023,1,Road accident,Near Market,NH 8,Human Error,No,Low,Animal Impact,None,Intersection,Rural Road,Concrete,Dry,Good,Clear,Single,Yes,Well-lit,Yes,National Highway,23.6739,91.2817
Gomati Tripura,Udaipur,2022,3,Road accident,Near Ambassa Market,NH 8,Human Error,No,High,Rear-end,Traffic Signal,Straight Road,National Hwy,Concrete,Slippery,Poor,Clear,Dual,Yes,Well-lit,Yes,Village Road,23.5243,91.4676
North Tripura ,Dharmanagar,2023,2,Road accident,Near Railway Station,Local Road,Human Error,No,High,Rear-end,None,Intersection,State Road,Concrete,Dry,Good,Clear,Single,Yes,Well-lit,No,State Road,24.3783,92.1548
Gomati District ,Udaipur,2021,2,Road accident,Near old Raj Bari,Rural Road,Human Error,Yes,Medium,Pedestrian Impact,None,Intersection,National Hwy,Concrete,Wet,Good,Rainy,Single,No,Moderate Lighting,Yes,Village Road,23.5243,91.4676
North Tripura,Dharmanagar,2022,2,Road accident,Near Forest Area,Rural Road,Human Error,Yes,Low,Rear-end,None,Straight Road,State Road,Asphalt,Slippery,Good,Rainy,Dual,Yes,Poor Lighting,No,Village Road,24.3783,92.1548
Gomati Tripura,Udaipur,2021,1,Road accident,Near Railway Station,Local Road,Human Error,No,Medium,Head-on,Traffic Signal,Straight Road,Rural Road,Concrete,Slippery,Fair,Clear,Single,No,Poor Lighting,Yes,Village Road,23.5243,91.4676
West tripura ,Agartala,2021,1,Road accident,near Market,Local Road,Human Error,No,High,Pedestrian Impact,Traffic Signal,Intersection,State Road,Gravel,Wet,Poor,Rainy,Single,Yes,Well-lit,No,town road,23.8315,91.2868
Gomati Tripura,Udaipur,2022,2,Road accident,Near School Area,Rural Road,Human Error,Yes,Low,Animal Impact,Traffic Signal,Curve,National Hwy,Asphalt,Slippery,Poor,Clear,Dual,Yes,Moderate Lighting,Yes,National Highway,23.5243,91.4676
Dhalai Tripura,Ambassa,2021,2,Road accident,Near Railway Station,NH 8,Human Error,Yes,Low,Rear-end,None,Curve,Highway,Gravel,Slippery,Good,Foggy,Dual,No,Well-lit,No,National Highway,23.9212,91.8513
Dhalai Tripura,Ambassa,2022,3,Road accident,Near Railway Station,NH 8,Human Error,Yes,Medium,Head-on,Stop Sign,Straight Road,Rural Road,Gravel,Dry,Fair,Rainy,Dual,No,Moderate Lighting,Yes,National Highway,23.9212,91.8513
Sepahijala Tripura,Bishalgarh,2023,1,Road accident,Near Forest Area,NH 8,Human Error,Yes,Low,Animal Impact,None,Curve,Highway,Asphalt,Dry,Good,Foggy,Dual,Yes,Well-lit,Yes,National Highway,23.6739,91.2817
Dhalai Tripura,Ambassa,2021,1,Road accident,Near School Area,Rural Road,Human Error,No,Low,Side Impact,None,Curve,Highway,Concrete,Wet,Poor,Clear,Single,No,Moderate Lighting,No,State Road,23.9212,91.8513
Dhalai Tripura,Ambassa,2023,1,Road accident,Near Railway Station,NH 8,Human Error,No,Medium,Pedestrian Impact,Stop Sign,Intersection,Local Road,Concrete,Wet,Good,Clear,Dual,No,Moderate Lighting,No,National Highway,23.9212,91.8513
North Tripura ,Dharmanagar,2022,1,Road accident,Near School Area,NH 8,Human Error,Yes,High,Rear-end,Stop Sign,Curve,Rural Road,Asphalt,Dry,Good,Foggy,Dual,Yes,Moderate Lighting,No,Village Road,24.3783,92.1548
Sepahijala Tripura,Bishalgarh,2023,2,Road accident,Near  Market,NH 8,Human Error,No,Low,Head-on,Traffic Signal,Curve,State Road,Asphalt,Dry,Good,Rainy,Single,Yes,Poor Lighting,Yes,National Highway,23.6739,91.2817
Gomati Tripura,Udaipur,2021,2,Road accident,Near School,Town road,Human Error,Yes,High,Head-on,Traffic Signal,Curve,State Road,Concrete,Dry,Good,Rainy,Single,No,Well-lit,No,State Road,23.5243,91.4676
North Tripura ,Dharmanagar,2023,2,Road accident,Near Market,Local Road,Human Error,No,High,Rear-end,Stop Sign,Intersection,Local Road,Gravel,Wet,Fair,Foggy,Single,Yes,Well-lit,No,town road,24.3783,92.1548
West tripura ,Agartala,2021,2,Road accident,Near Market Area,Town road,Human Error,Yes,Medium,Pedestrian Impact,Traffic Signal,Curve,Local Road,Concrete,Wet,Good,Foggy,Single,No,Moderate Lighting,No,State Road,23.8315,91.2868
Gomati District ,Udaipur,2022,1,Road accident,Near Udaipur Lake,Town road,Human Error,No,Medium,Head-on,Stop Sign,Straight Road,Rural Road,Gravel,Dry,Poor,Clear,Single,No,Moderate Lighting,Yes,State Road,23.5243,91.4676
Gomati District ,Udaipur,2023,3,Road accident,Near Railway Station,Local Road,Human Error,No,Medium,Animal Impact,Traffic Signal,Straight Road,Highway,Asphalt,Slippery,Poor,Rainy,Dual,No,Well-lit,Yes,Village Road,23.5243,91.4676
Gomati District ,Udaipur,2022,2,Road accident,Near Market Area,NH 8,Human Error,No,Medium,Animal Impact,None,Intersection,Local Road,Gravel,Wet,Fair,Rainy,Single,Yes,Moderate Lighting,No,National Highway,23.5243,91.4676
Dhalai Tripura,Ambassa,2023,3,Road accident,Near Market,Local Road,Human Error,Yes,Low,Pedestrian Impact,None,Curve,Local Road,Concrete,Wet,Good,Clear,Single,Yes,Well-lit,Yes,town road,23.9212,91.8513
North Tripura ,Dharmanagar,2023,3,Road accident,Near Railway Station,Rural Road,Human Error,Yes,Medium,Rear-end,Stop Sign,Intersection,National Hwy,Asphalt,Wet,Good,Rainy,Dual,No,Moderate Lighting,Yes,Village Road,24.3783,92.1548
Dhalai Tripura,Ambassa,2022,2,Road accident,Near Market,Local Road,Human Error,Yes,Medium,Animal Impact,None,Curve,Highway,Gravel,Dry,Fair,Foggy,Single,Yes,Moderate Lighting,Yes,State Road,23.9212,91.8513
Gomati Tripura,Udaipur,2023,1,Road accident,Near School Area,NH 8,Human Error,No,High,Head-on,Traffic Signal,Curve,National Hwy,Gravel,Slippery,Poor,Rainy,Dual,Yes,Well-lit,Yes,National Highway,23.5243,91.4676
West tripura ,Agartala,2022,3,Road accident,Near School Area,Town road,Human Error,Yes,Low,Animal Impact,Traffic Signal,Curve,Rural Road,Gravel,Wet,Fair,Foggy,Single,No,Moderate Lighting,Yes,State Road,23.8315,91.2868
West tripura ,Agartala,2023,2,Road accident,Near Collage Area,State Road,Human Error,No,Low,Animal Impact,None,Straight Road,Rural Road,Gravel,Wet,Poor,Foggy,Dual,No,Moderate Lighting,No,State Road,23.8315,91.2868
Sepahijala Tripura,Bishalgarh,2023,2,Road accident,Near Market Area,NH 8,Human Error,Yes,High,Animal Impact,Stop Sign,Intersection,Highway,Asphalt,Dry,Fair,Clear,Single,Yes,Well-lit,No,National Highway,23.6739,91.2817
Dhalai Tripura,Ambassa,2022,3,Road accident,Near Market Area,Local Road,Human Error,Yes,Medium,Rear-end,None,Intersection,Local Road,Gravel,Slippery,Fair,Clear,Dual,No,Well-lit,No,town road,23.9212,91.8513
Sepahijala Tripura,Bishalgarh,2023,3,Road accident,Near Market Area,NH8,Human Error,No,Medium,Side Impact,None,Straight Road,Highway,Asphalt,Wet,Good,Foggy,Dual,Yes,Well-lit,Yes,National Highway,23.6739,91.2817
North Tripura ,Dharmanagar,2021,2,Road accident,Near Collage Area,Village Road,Human Error,No,Medium,Side Impact,Traffic Signal,Curve,Rural Road,Gravel,Wet,Fair,Rainy,Dual,Yes,Moderate Lighting,No,Village Road,24.3783,92.1548
Dhalai Tripura,Ambassa,2021,1,Road accident,Near Market Area,State Road,Human Error,Yes,High,Head-on,Traffic Signal,Intersection,State Road,Gravel,Wet,Good,Clear,Dual,No,Poor Lighting,No,State Road,23.9212,91.8513
Dhalai Tripura,Ambassa,2021,1,Road accident,Near Railway Station,NH8,Human Error,No,Low,Rear-end,None,Straight Road,Rural Road,Asphalt,Dry,Good,Rainy,Single,Yes,Moderate Lighting,No,State Road,23.9212,91.8513
north tripura,Dharmanagar,2021,2,Road accident,Near Collage Area,NH 8,Human Error,Yes,High,Head-on,Stop Sign,Straight Road,Highway,Asphalt,Dry,Good,Clear,Single,Yes,Moderate Lighting,Yes,National Highway,24.3783,92.1548
Gomati District ,Udaipur,2022,3,Road accident,Near Railway Station,State Road,Human Error,Yes,Low,Rear-end,None,Straight Road,Highway,Asphalt,Dry,Good,Clear,Single,Yes,Moderate Lighting,Yes,National Highway,23.5243,91.4676
Gomati District ,Udaipur,2022,3,Road accident,Near Market Area,Rural Road,Human Error,Yes,Low,Animal Impact,Traffic Signal,Straight Road,Rural Road,Asphalt,Wet,Good,Rainy,Single,Yes,Moderate Lighting,Yes,Village Road,23.5243,91.4676
Sepahijala district,Bishalgarh,2021,3,Road accident,Near Collage Area,Rural Road,Human Error,Yes,Medium,Rear-end,Stop Sign,Straight Road,State Road,Gravel,Slippery,Good,Clear,Dual,No,Poor Lighting,Yes,Village Road,23.6739,91.2817
Dhalai,Ambassa,2023,2,Road accident,Near Railway Station,NH8,Human Error,Yes,Medium,Side Impact,Traffic Signal,Straight Road,Highway,Asphalt,Slippery,Poor,Clear,Dual,Yes,Moderate Lighting,Yes,Village Road,23.9212,91.8513
Dhalai,Ambassa,2021,3,Road accident,Near Railway Station,Rural Road,Human Error,No,Low,Animal Impact,Stop Sign,Curve,Highway,Asphalt,Dry,Fair,Foggy,Dual,No,Well-lit,No,State Road,23.9212,91.8513
West tripura ,Agartala,2022,1,Road accident,Near School Area,Local Road,Human Error,Yes,Low,Head-on,Stop Sign,Curve,Highway,Gravel,Wet,Poor,Foggy,Dual,No,Moderate Lighting,No,Village Road,23.8315,91.2868
West tripura ,Agartala,2021,2,Road accident,Near School Area,Rural Road,Human Error,No,Low,Rear-end,Stop Sign,Curve,State Road,Asphalt,Slippery,Poor,Rainy,Single,Yes,Moderate Lighting,Yes,State Road,23.8315,91.2868
Gomati District ,Udaipur,2021,2,Road accident,Near Railway Station,Rural Road,Human Error,No,Medium,Rear-end,None,Intersection,Highway,Gravel,Dry,Good,Clear,Single,No,Poor Lighting,No,National Highway,23.5243,91.4676
Dhalai,Ambassa,2023,3,Road accident,Near Market,Local Road,Human Error,Yes,Medium,Animal Impact,Traffic Signal,Curve,State Road,Concrete,Dry,Poor,Rainy,Single,Yes,Moderate Lighting,No,State Road,23.9212,91.8513
Gomati District ,Udaipur,2023,3,Road accident,Near Market,Local Road,Human Error,Yes,Low,Animal Impact,Traffic Signal,Straight Road,Rural Road,Concrete,Dry,Poor,Clear,Single,Yes,Poor Lighting,No,National Highway,23.5243,91.4676
Dhalai,Ambassa,2021,3,Road accident,Near School Area,State Road,Human Error,No,Low,Rear-end,None,Straight Road,State Road,Gravel,Dry,Fair,Rainy,Dual,Yes,Moderate Lighting,No,National Highway,23.9212,91.8513
Sepahijala district,Bishalgarh,2022,2,Road accident,Near Railway Station,NH 8,Human Error,No,Medium,Rear-end,None,Intersection,Rural Road,Concrete,Wet,Fair,Foggy,Single,No,Well-lit,No,State Road,23.6739,91.2817
Dhalai,Ambassa,2021,2,Road accident,Near Market Area,Local Road,Human Error,No,Low,Pedestrian Impact,None,Straight Road,State Road,Gravel,Wet,Poor,Rainy,Dual,Yes,Moderate Lighting,Yes,Village Road,23.9212,91.8513
West tripura ,Agartala,2023,1,Road accident,Near Market Area,NH 8,Human Error,No,High,Side Impact,Stop Sign,Intersection,Local Road,Gravel,Slippery,Poor,Rainy,Dual,Yes,Moderate Lighting,Yes,Village Road,23.8315,91.2868
Gomati District ,Udaipur,2022,1,Road accident,Near Market,Rural Road,Human Error,No,High,Pedestrian Impact,Traffic Signal,Intersection,State Road,Concrete,Slippery,Fair,Clear,Dual,Yes,Poor Lighting,No,National Highway,23.5243,91.4676
Sepahijala district,Bishalgarh,2023,1,Road accident,Near Market,NH8,Human Error,Yes,Medium,Rear-end,Traffic Signal,Straight Road,State Road,Gravel,Dry,Good,Foggy,Dual,Yes,Well-lit,Yes,Village Road,23.6739,91.2817
Sepahijala district,Bishalgarh,2021,3,Road accident,Near Collage Area,State Road,Human Error,No,High,Head-on,Stop Sign,Straight Road,State Road,Gravel,Wet,Fair,Rainy,Single,No,Moderate Lighting,No,State Road,23.6739,91.2817
Dhalai,Ambassa,2023,3,Road accident,Near School Area,NH 8,Human Error,No,Medium,Side Impact,None,Curve,Rural Road,Concrete,Dry,Poor,Foggy,Single,Yes,Moderate Lighting,Yes,National Highway,23.9212,91.8513
North Tripura District,Dharmanagar,2023,2,Road accident,Near School Area,Rural Road,Human Error,No,Medium,Pedestrian Impact,Stop Sign,Curve,Local Road,Gravel,Dry,Good,Clear,Single,Yes,Well-lit,Yes,State Road,24.3783,92.1548
Gomati District ,Udaipur,2022,3,Road accident,Near Udaipur Lake,Rural Road,Human Error,No,High,Head-on,Traffic Signal,Straight Road,National Hwy,Concrete,Slippery,Fair,Rainy,Single,Yes,Poor Lighting,Yes,State Road,23.5243,91.4676
Dhalai,Ambassa,2021,1,Road accident,Near Railway Station,Rural Road,Human Error,Yes,Medium,Rear-end,None,Curve,Highway,Concrete,Dry,Fair,Clear,Single,Yes,Moderate Lighting,Yes,National Highway,23.9212,91.8513
Dhalai,Ambassa,2022,2,Road accident,Near School Area,NH8,Human Error,Yes,High,Head-on,Stop Sign,Curve,Local Road,Gravel,Slippery,Good,Clear,Dual,No,Moderate Lighting,No,National Highway,23.9212,91.8513
Sepahijala district,Bishalgarh,2023,3,Road accident,Near Market,Rural Road,Human Error,Yes,Medium,Side Impact,None,Intersection,State Road,Concrete,Wet,Good,Rainy,Dual,Yes,Moderate Lighting,Yes,State Road,23.6739,91.2817
Dhalai,Ambassa,2022,1,Road accident,Near School Area,Rural Road,Human Error,No,High,Head-on,None,Straight Road,Highway,Gravel,Wet,Poor,Rainy,Dual,No,Poor Lighting,No,Village Road,23.9212,91.8513
Dhalai,Ambassa,2022,2,Road accident,Near School Area,NH8,Human Error,Yes,Low,Animal Impact,None,Straight Road,Local Road,Concrete,Slippery,Fair,Rainy,Dual,No,Moderate Lighting,No,National Highway,23.9212,91.8513
Gomati District ,Udaipur,2021,3,Road accident,Near Market,NH8,Human Error,No,High,Side Impact,Traffic Signal,Curve,Local Road,Gravel,Wet,Fair,Rainy,Dual,Yes,Moderate Lighting,No,National Highway,23.5243,91.4676
Gomati District ,Udaipur,2022,3,Road accident,Near School Area,State Road,Human Error,Yes,High,Animal Impact,None,Curve,Rural Road,Concrete,Wet,Good,Clear,Dual,Yes,Well-lit,No,State Road,23.5243,91.4676
Sepahijala district,Bishalgarh,2021,1,Road accident,Near School Area,NH 8,Human Error,Yes,Low,Side Impact,Stop Sign,Straight Road,National Hwy,Asphalt,Wet,Fair,Foggy,Single,Yes,Moderate Lighting,No,National Highway,23.6739,91.2817
West tripura ,Agartala,2021,1,Road accident,Near Market Area,NH8,Human Error,Yes,Low,Pedestrian Impact,Stop Sign,Curve,Local Road,Asphalt,Slippery,Poor,Rainy,Dual,No,Well-lit,No,National Highway,23.8315,91.2868
East Khasi Hills Meghalaya,Shillong,2002,4,Road accident,Highway intersection,Straight road,Human Error,No,Low,Head-on,Stop sign,Flat,Main road,Cobblestone,Wet,Poor,Foggy,Triple lane,Faded,Congested,Damaged,State Highway 1,91.8933,91.8933
Aizawl Mizoram,Aizawl,2013,2,Road accident,Near school,Straight road,Human Error,Yes,High,Rear-end,Traffic lights,Rural road,Service road,Concrete,Muddy,Poor,Clear,Divided,Clearly visible,Clear view,Damaged,National Highway 27,23.7307,92.7173
Kohima District NagalandDistrict Nagaland,Kohima,2013,3,Road accident,Near school,Intersection,Human Error,Yes,Critical,Head-on,Traffic lights,Urban road,Local road,Gravel,Dry,Poor,Rainy,Double lane,Partially visible,Clear view,Present,MG Road,25.6751,94.1086
Imphal East Manipur,Imphal,2001,1,Road accident,Near school,Straight road,Human Error,No,Moderate,Head-on,Yield sign,Urban road,Local road,Dirt,Slippery,Fair,Rainy,Triple lane,Clearly visible,Poorly lit,Absent,Ring Road,24.8108,93.9386
Itanagar District Arunachal Pradesh,Itanagar,2018,2,Road accident,Commercial hub,Straight road,Human Error,Yes,Moderate,Head-on,No control,Rural road,Local road,Cobblestone,Slippery,Fair,Windy,Divided,Newly painted,Well-lit,Under construction,National Highway 27,27.0844,93.6053
East Khasi Hills Meghalaya,Shillong,2013,1,Road accident,Residential street,Tunnel,Human Error,No,Moderate,Side-impact,Stop sign,Straight,Secondary road,Gravel,Dry,Under construction,Clear,Double lane,Faded,Clear view,Well-maintained,Park Street,91.8933,91.8933
Imphal West Manipur,Imphal,2001,3,Road accident,Market area,Straight road,Human Error,Yes,Low,Rollover,Yield sign,Curve,Service road,Asphalt,Wet,Fair,Rainy,Double lane,Partially visible,Congested,Absent,Park Street,24.8108,93.9386
Kohima District NagalandDistrict Nagaland,Kohima,2013,4,Road accident,Near school,Tunnel,Human Error,Yes,Moderate,Head-on,Yield sign,Urban road,Secondary road,Cobblestone,Muddy,Under construction,Rainy,Divided,Not visible,Congested,Absent,State Highway 1,25.6751,94.1086
Imphal West Manipur,Imphal,2012,4,Road accident,Residential street,Intersection,Human Error,No,High,Rollover,Yield sign,Straight,Main road,Gravel,Muddy,Potholes present,Rainy,Single lane,Clearly visible,Well-lit,Present,State Highway 1,24.8108,93.9386
Imphal East Manipur,Imphal,2018,1,Road accident,Near school,Curve,Human Error,No,High,Side-impact,No control,Flat,Secondary road,Dirt,Dry,Potholes present,Rainy,Single lane,Faded,Clear view,Absent,MG Road,24.8108,93.9386
Gangtok District Sikim District Sikim,Gangtok District Sikim,2016,2,Road accident,Near school,Intersection,Human Error,No,High,Side-impact,Traffic lights,Flat,Highway,Concrete,Muddy,Poor,Clear,Single lane,Newly painted,Clear view,Well-maintained,National Highway 27,27.3314,88.6138