DISTRICT NAME,UNIT NAME, YEAR,VEHICLE_INVOLVED,ACCIDENT CLASIFICATION,ACCIDENT SPOT,ACCIDENT LOCATION,MAIN CAUSE,HIT-RUN,SEVERITY,COLLISION TYPE,JUNCTION CONTROL,ROAD CHARACTER,ROAD-TYPE,SURFACE-TYPE,SURFACE CONDITION,ROAD CONDITION,WEATHER,LANE-TYPE,ROAD MARKING,SPOT CONDITIONS,SIDE WALK,ACCIDENT-ROAD,Latitude ,Longitude
Itanagar District Arunachal Pradesh,Itanagar,2018,3,Road accident,Highway intersection,Intersection,Human Error,Yes,High,Head-on,Yield sign,Urban road,Main road,Concrete,Slippery,Fair,Windy,Triple lane,Partially visible,Congested,Well-maintained,State Highway 1,27.0844,93.6053
Kohima District NagalandDistrict Nagaland,Kohima,2020,4,Road accident,Commercial hub,Straight road,Human Error,Yes,Critical,Rear-end,Traffic lights,Rural road,Local road,Cobblestone,Wet,Potholes present,Windy,Triple lane,Faded,Congested,Present,Ring Road,25.6751,94.1086
Imphal East Manipur,Imphal,2020,3,Road accident,Market area,Intersection,Human Error,No,Critical,Side-impact,Yield sign,Curve,Service road,Dirt,Muddy,Good,Rainy,Single lane,Not visible,Congested,Damaged,MG Road,24.8108,93.9386
Itanagar District Arunachal Pradesh,Itanagar,2004,1,Road accident,Commercial hub,Tunnel,Human Error,Yes,Critical,Rollover,Yield sign,Straight,Main road,Cobblestone,Dry,Fair,Clear,Single lane,Faded,Congested,Absent,National Highway 27,27.0844,93.6053
Itanagar District Arunachal Pradesh,Itanagar,2004,3,Road accident,Commercial hub,Straight road,Human Error,Yes,Low,Rollover,Yield sign,Hilly,Main road,Cobblestone,Dry,Potholes present,Clear,Double lane,Newly painted,Poorly lit,Absent,Ring Road,27.0844,93.6053
Kohima District NagalandDistrict Nagaland,Kohima,2019,2,Road accident,Highway intersection,Tunnel,Human Error,Yes,Critical,Head-on,No control,Urban road,Service road,Asphalt,Dry,Good,Rainy,Triple lane,Newly painted,Poorly lit,Well-maintained,National Highway 27,25.6751,94.1086
Imphal West Manipur,Imphal,2018,3,Road accident,Highway intersection,Intersection,Human Error,No,Moderate,Rear-end,Yield sign,Rural road,Service road,Gravel,Wet,Good,Rainy,Divided,Partially visible,Poorly lit,Present,Park Street,24.8108,93.9386
Itanagar District Arunachal Pradesh,Itanagar,2015,4,Road accident,Market area,Curve,Human Error,Yes,Critical,Head-on,No control,Curve,Secondary road,Asphalt,Wet,Fair,Foggy,Double lane,Partially visible,Congested,Damaged,MG Road,27.0844,93.6053
Kohima District NagalandDistrict Nagaland,Kohima,2002,2,Road accident,Commercial hub,Curve,Human Error,Yes,Low,Head-on,Yield sign,Rural road,Main road,Dirt,Slippery,Good,Rainy,Divided,Faded,Congested,Absent,Ring Road,25.6751,94.1086
Imphal West Manipur,Imphal,2014,2,Road accident,Market area,Curve,Human Error,Yes,Critical,Side-impact,Stop sign,Urban road,Highway,Gravel,Slippery,Fair,Windy,Triple lane,Faded,Well-lit,Present,Ring Road,24.8108,93.9386
Kamrup Metropolitan Distric Assam,Guwahati,2006,1,Road accident,Market area,Straight road,Human Error,No,Critical,Side-impact,Stop sign,Flat,Secondary road,Asphalt,Muddy,Under construction,Windy,Double lane,Newly painted,Poorly lit,Well-maintained,State Highway 1,26.1158,91.7086
east Khasi Hills Meghalaya,Shillong,2000,2,Road accident,Residential street,Intersection,Human Error,Yes,Moderate,Rollover,Stop sign,Hilly,Secondary road,Asphalt,Slippery,Poor,Clear,Multiple lanes,Faded,Poorly lit,Under construction,Park Street,91.8933,91.8933
Kohima District NagalandDistrict Nagaland,Kohima,2012,2,Road accident,Highway intersection,Intersection,Human Error,No,Moderate,Rollover,No control,Straight,Service road,Concrete,Wet,Potholes present,Clear,Multiple lanes,Partially visible,Clear view,Absent,State Highway 1,25.6751,94.1086
Kohima District NagalandDistrict Nagaland,Kohima,2000,1,Road accident,Market area,Curve,Human Error,No,Moderate,Head-on,Yield sign,Hilly,Secondary road,Cobblestone,Dry,Poor,Rainy,Double lane,Clearly visible,Obstructed view,Present,MG Road,25.6751,94.1086
Gangtok District Sikim District Sikim,Guwahati,2006,1,Road accident,Near school,Intersection,Human Error,No,High,Rear-end,Traffic lights,Hilly,Highway,Asphalt,Wet,Fair,Windy,Double lane,Not visible,Well-lit,Under construction,Park Street,26.1158,91.7086
Aizawl Mizoram,Aizawl,2007,2,Road accident,Market area,Tunnel,Human Error,No,Low,Head-on,Traffic lights,Straight,Main road,Concrete,Slippery,Poor,Rainy,Triple lane,Partially visible,Clear view,Absent,State Highway 1,23.7307,92.7173
Kamrup Metropolitan Distric Assam,Guwahati,2012,4,Road accident,Market area,Bridge,Human Error,Yes,Critical,Rear-end,Traffic lights,Flat,Main road,Gravel,Dry,Good,Rainy,Triple lane,Newly painted,Poorly lit,Under construction,State Highway 1,26.1158,91.7086
Kamrup Metropolitan Distric Assam,Guwahati,2006,3,Road accident,Commercial hub,Curve,Human Error,No,High,Head-on,Yield sign,Straight,Local road,Gravel,Dry,Under construction,Clear,Multiple lanes,Not visible,Obstructed view,Absent,State Highway 1,26.1158,91.7086
Kamrup Metropolitan Distric Assam,Guwahati,2020,3,Road accident,Commercial hub,Curve,Human Error,No,High,Rear-end,No control,Flat,Secondary road,Dirt,Wet,Fair,Rainy,Divided,Partially visible,Poorly lit,Absent,Ring Road,26.1158,91.7086
Kohima District NagalandDistrict Nagaland,Kohima,2012,4,Road accident,Commercial hub,Intersection,Human Error,No,Low,Side-impact,Traffic lights,Hilly,Service road,Cobblestone,Wet,Fair,Foggy,Single lane,Clearly visible,Poorly lit,Under construction,Park Street,25.6751,94.1086
Gangtok District Sikim District Sikim,Gangtok District Sikim,2003,1,Road accident,Highway intersection,Tunnel,Human Error,No,Critical,Rear-end,No control,Flat,Service road,Asphalt,Wet,Good,Rainy,Multiple lanes,Newly painted,Obstructed view,Present,National Highway 27,27.3314,88.6138
Gangtok District Sikim District Sikim,Gangtok District Sikim,2003,2,Road accident,Highway intersection,Curve,Human Error,No,Low,Side-impact,No control,Straight,Secondary road,Concrete,Wet,Potholes present,Rainy,Divided,Not visible,Obstructed view,Well-maintained,Park Street,27.3314,88.6138
Gangtok District Sikim District Sikim,Gangtok District Sikim,2004,4,Road accident,Residential street,Straight road,Human Error,Yes,Low,Rollover,Stop sign,Rural road,Highway,Gravel,Muddy,Under construction,Clear,Divided,Partially visible,Poorly lit,Present,National Highway 27,27.3314,88.6138
Itanagar District Arunachal Pradesh,Itanagar,2007,4,Road accident,Near school,Straight road,Human Error,No,Moderate,Head-on,Yield sign,Rural road,Main road,Concrete,Muddy,Fair,Foggy,Double lane,Faded,Well-lit,Well-maintained,State Highway 1,27.0844,93.6053
East Khasi Hills Meghalaya,Shillong,2002,1,Road accident,Residential street,Straight road,Human Error,No,Moderate,Side-impact,No control,Curve,Local road,Asphalt,Muddy,Fair,Foggy,Divided,Clearly visible,Congested,Damaged,Ring Road,91.8933,91.8933
Aizawl Mizoram,Aizawl,2015,3,Road accident,Market area,Curve,Human Error,No,High,Side-impact,No control,Rural road,Secondary road,Concrete,Muddy,Under construction,Rainy,Double lane,Clearly visible,Clear view,Well-maintained,Park Street,23.7307,92.7173
Kamrup Metropolitan Distric Assam,Guwahati,2011,3,Road accident,Residential street,Bridge,Human Error,Yes,High,Rear-end,Stop sign,Urban road,Highway,Gravel,Muddy,Fair,Windy,Divided,Newly painted,Clear view,Damaged,National Highway 27,26.1158,91.7086
Kamrup Metropolitan Distric Assam,Guwahati,2019,3,Road accident,Highway intersection,Straight road,Human Error,Yes,High,Rear-end,Traffic lights,Rural road,Main road,Concrete,Dry,Under construction,Clear,Double lane,Not visible,Congested,Absent,National Highway 27,26.1158,91.7086
East Khasi Hills Meghalaya,Shillong,2022,2,Road accident,Commercial hub,Straight road,Human Error,No,Moderate,Side-impact,Stop sign,Straight,Main road,Gravel,Dry,Good,Windy,Triple lane,Not visible,Clear view,Damaged,State Highway 1,91.8933,91.8933
Itanagar District Arunachal Pradesh,Itanagar,2012,3,Road accident,Near school,Bridge,Human Error,Yes,Moderate,Head-on,Traffic lights,Hilly,Secondary road,Asphalt,Muddy,Good,Foggy,Divided,Partially visible,Poorly lit,Absent,Ring Road,27.0844,93.6053
Itanagar District Arunachal Pradesh,Itanagar,2016,3,Road accident,Highway intersection,Bridge,Human Error,No,Moderate,Side-impact,Stop sign,Straight,Secondary road,Gravel,Muddy,Poor,Windy,Divided,Partially visible,Obstructed view,Absent,MG Road,27.0844,93.6053
 imphal East Manipur,Imphal,2006,1,Road accident,Market area,Tunnel,Human Error,Yes,Low,Rear-end,Traffic lights,Rural road,Highway,Cobblestone,Slippery,Potholes present,Foggy,Single lane,Partially visible,Clear view,Under construction,MG Road,24.8108,93.9386
Itanagar District Arunachal Pradesh,Itanagar,2012,1,Road accident,Commercial hub,Bridge,Human Error,No,Low,Rollover,Stop sign,Urban road,Local road,Gravel,Dry,Potholes present,Clear,Divided,Faded,Poorly lit,Under construction,Ring Road,27.0844,93.6053
Aizawl Mizoram,Aizawl,2021,3,Road accident,Residential street,Intersection,Human Error,No,Moderate,Rollover,Stop sign,Flat,Secondary road,Gravel,Wet,Potholes present,Rainy,Divided,Partially visible,Clear view,Damaged,MG Road,23.7307,92.7173
Itanagar District Arunachal Pradesh,Itanagar,2013,1,Road accident,Residential street,Intersection,Human Error,Yes,Low,Rollover,Yield sign,Urban road,Highway,Concrete,Dry,Under construction,Rainy,Divided,Partially visible,Obstructed view,Well-maintained,Ring Road,27.0844,93.6053
Aizawl Mizoram,Aizawl,2003,3,Road accident,Near school,Intersection,Human Error,Yes,High,Rear-end,Stop sign,Hilly,Local road,Gravel,Slippery,Fair,Rainy,Divided,Clearly visible,Poorly lit,Damaged,Park Street,23.7307,92.7173
Kohima District NagalandDistrict Nagaland,Kohima,2013,4,Road accident,Highway intersection,Tunnel,Human Error,No,High,Side-impact,Stop sign,Straight,Secondary road,Gravel,Slippery,Poor,Clear,Triple lane,Partially visible,Obstructed view,Present,Park Street,25.6751,94.1086
Imphal West Manipur,Imphal,2007,2,Road accident,Commercial hub,Straight road,Human Error,Yes,Moderate,Rear-end,Traffic lights,Straight,Secondary road,Gravel,Muddy,Fair,Windy,Double lane,Clearly visible,Obstructed view,Under construction,National Highway 27,24.8108,93.9386
Kohima District NagalandDistrict Nagaland,Kohima,2011,3,Road accident,Highway intersection,Bridge,Human Error,No,High,Head-on,No control,Flat,Main road,Concrete,Wet,Poor,Clear,Multiple lanes,Faded,Clear view,Well-maintained,State Highway 1,25.6751,94.1086
Kohima District NagalandDistrict Nagaland,Kohima,2009,2,Road accident,Near school,Curve,Human Error,No,Critical,Rollover,No control,Flat,Service road,Gravel,Muddy,Poor,Clear,Triple lane,Clearly visible,Obstructed view,Absent,National Highway 27,25.6751,94.1086
Itanagar District Arunachal Pradesh,Itanagar,2006,4,Road accident,Residential street,Bridge,Human Error,Yes,High,Rear-end,No control,Urban road,Highway,Concrete,Wet,Under construction,Clear,Single lane,Partially visible,Obstructed view,Absent,MG Road,27.0844,93.6053
Kamrup Metropolitan Distric Assam,Guwahati,2010,3,Road accident,Market area,Curve,Human Error,Yes,Moderate,Rollover,No control,Curve,Service road,Asphalt,Muddy,Under construction,Clear,Divided,Clearly visible,Poorly lit,Absent,Park Street,26.1158,91.7086
Itanagar District Arunachal Pradesh,Itanagar,2006,2,Road accident,Residential street,Straight road,Human Error,Yes,Moderate,Rear-end,Yield sign,Urban road,Local road,Gravel,Muddy,Under construction,Rainy,Double lane,Faded,Well-lit,Damaged,State Highway 1,27.0844,93.6053
Aizawl Mizoram,Aizawl,2012,4,Road accident,Residential street,Curve,Human Error,Yes,Moderate,Rollover,Yield sign,Urban road,Secondary road,Dirt,Dry,Under construction,Rainy,Multiple lanes,Partially visible,Congested,Under construction,MG Road,23.7307,92.7173
Itanagar District Arunachal Pradesh,Itanagar,2012,3,Road accident,Commercial hub,Bridge,Human Error,No,High,Side-impact,Stop sign,Urban road,Highway,Concrete,Slippery,Poor,Windy,Multiple lanes,Partially visible,Obstructed view,Well-maintained,National Highway 27,27.0844,93.6053
Aizawl Mizoram,Aizawl,2017,2,Road accident,Highway intersection,Tunnel,Human Error,Yes,High,Rollover,Traffic lights,Flat,Local road,Dirt,Wet,Good,Rainy,Multiple lanes,Clearly visible,Poorly lit,Absent,MG Road,23.7307,92.7173
Imphal East Manipur,Imphal,2002,4,Road accident,Residential street,Bridge,Human Error,No,Critical,Rear-end,Stop sign,Flat,Main road,Asphalt,Slippery,Poor,Foggy,Multiple lanes,Not visible,Congested,Damaged,MG Road,24.8108,93.9386
Aizawl Mizoram,Aizawl,2013,4,Road accident,Commercial hub,Straight road,Human Error,No,Moderate,Rear-end,Traffic lights,Hilly,Main road,Gravel,Wet,Good,Rainy,Triple lane,Newly painted,Clear view,Damaged,MG Road,23.7307,92.7173
Itanagar District Arunachal Pradesh,Itanagar,2021,1,Road accident,Market area,Straight road,Human Error,No,Moderate,Rollover,Traffic lights,Urban road,Local road,Asphalt,Wet,Good,Rainy,Divided,Not visible,Well-lit,Under construction,MG Road,27.0844,93.6053
Kamrup Metropolitan Distric Assam,Guwahati,2000,2,Road accident,Residential street,Intersection,Human Error,Yes,Low,Rollover,Yield sign,Rural road,Local road,Gravel,Dry,Potholes present,Rainy,Triple lane,Clearly visible,Obstructed view,Damaged,National Highway 27,26.1158,91.7086
Gangtok District Sikim District Sikim,Gangtok District Sikim,2016,1,Road accident,Near school,Bridge,Human Error,No,Critical,Side-impact,Stop sign,Flat,Secondary road,Gravel,Slippery,Potholes present,Foggy,Divided,Partially visible,Congested,Under construction,MG Road,27.3314,88.6138
Kamrup Metropolitan Distric Assam,Guwahati,2014,2,Road accident,Commercial hub,Straight road,Human Error,No,Critical,Head-on,Traffic lights,Straight,Local road,Gravel,Muddy,Potholes present,Rainy,Double lane,Faded,Clear view,Absent,National Highway 27,26.1158,91.7086
Gangtok District Sikim District Sikim,Gangtok District Sikim,2002,2,Road accident,Near school,Intersection,Human Error,Yes,Low,Head-on,Traffic lights,Urban road,Highway,Cobblestone,Muddy,Fair,Clear,Double lane,Partially visible,Obstructed view,Absent,MG Road,27.3314,88.6138
Itanagar District Arunachal Pradesh,Itanagar,2010,4,Road accident,Highway intersection,Intersection,Human Error,Yes,High,Rear-end,No control,Curve,Secondary road,Asphalt,Muddy,Under construction,Rainy,Single lane,Faded,Congested,Absent,Ring Road,27.0844,93.6053
Itanagar District Arunachal Pradesh,Itanagar,2006,1,Road accident,Near school,Straight road,Human Error,Yes,High,Rollover,Yield sign,Rural road,Service road,Dirt,Wet,Good,Rainy,Single lane,Clearly visible,Well-lit,Under construction,MG Road,27.0844,93.6053
Gangtok District Sikim District Sikim,Gangtok District Sikim,2000,3,Road accident,Market area,Intersection,Human Error,No,Critical,Rollover,Traffic lights,Curve,Local road,Cobblestone,Wet,Fair,Foggy,Multiple lanes,Newly painted,Well-lit,Under construction,National Highway 27,27.3314,88.6138
Kohima District NagalandDistrict Nagaland,Kohima,2012,4,Road accident,Highway intersection,Curve,Human Error,No,High,Side-impact,Stop sign,Straight,Main road,Concrete,Wet,Potholes present,Rainy,Single lane,Faded,Clear view,Under construction,MG Road,25.6751,94.1086
Kohima District NagalandDistrict Nagaland,Kohima,2002,2,Road accident,Highway intersection,Intersection,Human Error,Yes,Low,Rollover,No control,Straight,Secondary road,Dirt,Dry,Potholes present,Windy,Single lane,Clearly visible,Clear view,Absent,State Highway 1,25.6751,94.1086
east Khasi Hills Meghalaya,Shillong,2002,4,Road accident,Commercial hub,Curve,Human Error,Yes,Low,Rear-end,Yield sign,Flat,Service road,Concrete,Wet,Under construction,Foggy,Multiple lanes,Not visible,Well-lit,Present,Park Street,91.8933,91.8933
Aizawl Mizoram,Aizawl,2001,4,Road accident,Near school,Intersection,Human Error,No,High,Rear-end,Yield sign,Urban road,Main road,Dirt,Dry,Potholes present,Foggy,Single lane,Partially visible,Poorly lit,Well-maintained,National Highway 27,23.7307,92.7173
Aizawl Mizoram,Aizawl,2000,1,Road accident,Highway intersection,Bridge,Human Error,No,Moderate,Side-impact,Stop sign,Flat,Local road,Concrete,Muddy,Potholes present,Rainy,Triple lane,Not visible,Clear view,Damaged,MG Road,23.7307,92.7173
Gangtok District Sikim District Sikim,Gangtok District Sikim,2005,3,Road accident,Highway intersection,Intersection,Human Error,Yes,Low,Rollover,Stop sign,Hilly,Secondary road,Gravel,Muddy,Good,Rainy,Divided,Partially visible,Congested,Damaged,Park Street,27.3314,88.6138
Gangtok District Sikim District Sikim,Gangtok District Sikim,2021,3,Road accident,Market area,Bridge,Human Error,Yes,Moderate,Rear-end,Traffic lights,Hilly,Local road,Dirt,Slippery,Fair,Rainy,Triple lane,Partially visible,Clear view,Absent,National Highway 27,27.3314,88.6138
Imphal East Manipur,Imphal,2003,3,Road accident,Near school,Curve,Human Error,Yes,Moderate,Rollover,Yield sign,Curve,Secondary road,Concrete,Wet,Good,Windy,Single lane,Clearly visible,Clear view,Present,Park Street,24.8108,93.9386
Imphal West Manipur,Imphal,2007,4,Road accident,Market area,Bridge,Human Error,Yes,Low,Head-on,Yield sign,Straight,Local road,Cobblestone,Slippery,Under construction,Clear,Multiple lanes,Not visible,Poorly lit,Under construction,MG Road,24.8108,93.9386
East Khasi Hills Meghalaya,Shillong,2006,2,Road accident,Near school,Intersection,Human Error,Yes,High,Side-impact,Stop sign,Rural road,Main road,Gravel,Slippery,Fair,Rainy,Multiple lanes,Not visible,Obstructed view,Present,State Highway 1,91.8933,91.8933
East Khasi Hills Meghalaya,Shillong,2002,4,Road accident,Residential street,Straight road,Human Error,No,Low,Side-impact,Stop sign,Straight,Main road,Dirt,Slippery,Under construction,Foggy,Triple lane,Clearly visible,Obstructed view,Under construction,MG Road,91.8933,91.8933
Gangtok District Sikim District Sikim,Gangtok District Sikim,2009,4,Road accident,Residential street,Intersection,Human Error,No,Moderate,Side-impact,Stop sign,Urban road,Highway,Concrete,Muddy,Fair,Clear,Divided,Clearly visible,Well-lit,Present,National Highway 27,27.3314,88.6138
Kamrup Metropolitan Distric Assam,Guwahati,2000,3,Road accident,Highway intersection,Bridge,Human Error,No,Moderate,Head-on,No control,Urban road,Local road,Cobblestone,Slippery,Fair,Rainy,Triple lane,Clearly visible,Obstructed view,Under construction,Ring Road,26.1158,91.7086
Kohima District NagalandDistrict Nagaland,Kohima,2008,4,Road accident,Highway intersection,Straight road,Human Error,No,Critical,Head-on,Stop sign,Straight,Secondary road,Concrete,Wet,Fair,Foggy,Single lane,Faded,Poorly lit,Damaged,National Highway 27,25.6751,94.1086
Kohima District NagalandDistrict Nagaland,Kohima,2010,2,Road accident,Highway intersection,Curve,Human Error,Yes,Moderate,Rollover,No control,Hilly,Secondary road,Cobblestone,Slippery,Good,Clear,Multiple lanes,Newly painted,Well-lit,Present,Park Street,25.6751,94.1086
Imphal East Manipur,Imphal,2018,1,Road accident,Highway intersection,Curve,Human Error,Yes,Moderate,Rear-end,Yield sign,Rural road,Secondary road,Cobblestone,Slippery,Poor,Rainy,Single lane,Partially visible,Well-lit,Absent,National Highway 27,24.8108,93.9386
Gangtok District Sikim District Sikim,Gangtok District Sikim,2017,2,Road accident,Highway intersection,Tunnel,Human Error,Yes,High,Rollover,Yield sign,Straight,Service road,Gravel,Wet,Fair,Rainy,Triple lane,Newly painted,Congested,Damaged,Ring Road,27.3314,88.6138
Gangtok District Sikim District Sikim,Gangtok District Sikim,2009,2,Road accident,Near school,Intersection,Human Error,Yes,Low,Head-on,Yield sign,Straight,Secondary road,Dirt,Wet,Poor,Rainy,Double lane,Clearly visible,Obstructed view,Well-maintained,Park Street,27.3314,88.6138
Imphal West Manipur,Imphal,2002,2,Road accident,Residential street,Intersection,Human Error,No,Critical,Rear-end,Yield sign,Curve,Secondary road,Gravel,Muddy,Good,Rainy,Multiple lanes,Clearly visible,Poorly lit,Absent,Ring Road,24.8108,93.9386
Itanagar District Arunachal Pradesh,Itanagar,2011,3,Road accident,Commercial hub,Intersection,Human Error,No,Critical,Rear-end,Stop sign,Straight,Highway,Dirt,Wet,Potholes present,Foggy,Triple lane,Clearly visible,Clear view,Damaged,Ring Road,27.0844,93.6053
Gangtok District Sikim District Sikim,Gangtok District Sikim,2022,3,Road accident,Residential street,Curve,Human Error,No,Moderate,Side-impact,Traffic lights,Rural road,Secondary road,Dirt,Dry,Fair,Windy,Divided,Clearly visible,Poorly lit,Well-maintained,Ring Road,27.3314,88.6138
Kamrup Metropolitan Distric Assam,Guwahati,2022,1,Road accident,Commercial hub,Curve,Human Error,No,Critical,Rear-end,No control,Urban road,Secondary road,Dirt,Muddy,Good,Rainy,Triple lane,Not visible,Obstructed view,Well-maintained,Park Street,26.1158,91.7086
Imphal West Manipur,Imphal,2013,1,Road accident,Commercial hub,Curve,Human Error,No,Critical,Side-impact,No control,Hilly,Secondary road,Gravel,Dry,Potholes present,Clear,Triple lane,Faded,Well-lit,Present,Park Street,24.8108,93.9386
Kohima District NagalandDistrict Nagaland,Kohima,2017,2,Road accident,Near school,Straight road,Human Error,Yes,Critical,Side-impact,Yield sign,Hilly,Secondary road,Concrete,Slippery,Potholes present,Clear,Single lane,Not visible,Congested,Present,National Highway 27,25.6751,94.1086
Gangtok District Sikim District Sikim,Gangtok District Sikim,2001,3,Road accident,Highway intersection,Curve,Human Error,Yes,Low,Rear-end,Yield sign,Urban road,Secondary road,Asphalt,Wet,Fair,Windy,Double lane,Newly painted,Clear view,Absent,National Highway 27,27.3314,88.6138
Aizawl Mizoram,Aizawl,2011,2,Road accident,Market area,Tunnel,Human Error,No,High,Rear-end,Stop sign,Straight,Local road,Dirt,Wet,Fair,Foggy,Triple lane,Clearly visible,Congested,Well-maintained,Park Street,23.7307,92.7173
Aizawl Mizoram,Aizawl,2012,2,Road accident,Market area,Bridge,Human Error,Yes,Moderate,Rollover,Stop sign,Straight,Secondary road,Gravel,Slippery,Under construction,Rainy,Single lane,Newly painted,Congested,Damaged,Park Street,23.7307,92.7173
Itanagar District Arunachal Pradesh,Itanagar,2016,3,Road accident,Commercial hub,Bridge,Human Error,No,Moderate,Side-impact,Yield sign,Rural road,Service road,Gravel,Muddy,Potholes present,Foggy,Double lane,Partially visible,Obstructed view,Well-maintained,Ring Road,27.0844,93.6053
Gangtok District Sikim District Sikim,Gangtok District Sikim,2018,4,Road accident,Market area,Intersection,Human Error,No,Critical,Rear-end,Stop sign,Curve,Main road,Cobblestone,Dry,Under construction,Windy,Double lane,Faded,Clear view,Present,MG Road,27.3314,88.6138
Gangtok District Sikim District Sikim,Gangtok District Sikim,2021,2,Road accident,Highway intersection,Bridge,Human Error,Yes,High,Rear-end,Yield sign,Rural road,Secondary road,Concrete,Wet,Poor,Foggy,Single lane,Newly painted,Clear view,Well-maintained,National Highway 27,27.3314,88.6138
Kohima District NagalandDistrict Nagaland,Kohima,2017,3,Road accident,Highway intersection,Curve,Human Error,Yes,Critical,Rear-end,Stop sign,Flat,Service road,Cobblestone,Slippery,Good,Rainy,Divided,Not visible,Obstructed view,Under construction,Ring Road,25.6751,94.1086
Kohima District NagalandDistrict Nagaland,Kohima,2004,3,Road accident,Market area,Intersection,Human Error,Yes,Critical,Head-on,Yield sign,Curve,Highway,Concrete,Slippery,Potholes present,Foggy,Divided,Clearly visible,Clear view,Under construction,Park Street,25.6751,94.1086
Kohima District NagalandDistrict Nagaland,Kohima,2018,3,Road accident,Market area,Intersection,Human Error,No,High,Head-on,Stop sign,Hilly,Highway,Cobblestone,Muddy,Under construction,Rainy,Multiple lanes,Not visible,Clear view,Under construction,Ring Road,25.6751,94.1086
Gangtok District Sikim District Sikim,Gangtok District Sikim,2013,1,Road accident,Market area,Curve,Human Error,Yes,Critical,Rear-end,Traffic lights,Rural road,Highway,Asphalt,Wet,Good,Clear,Triple lane,Clearly visible,Clear view,Under construction,Ring Road,27.3314,88.6138
Gangtok District Sikim District Sikim,Gangtok District Sikim,2001,3,Road accident,Residential street,Bridge,Human Error,Yes,Moderate,Rollover,Traffic lights,Straight,Secondary road,Gravel,Muddy,Fair,Foggy,Divided,Partially visible,Clear view,Damaged,Ring Road,27.3314,88.6138
Gangtok District Sikim District Sikim,Gangtok District Sikim,2006,4,Road accident,Market area,Tunnel,Human Error,Yes,Critical,Head-on,Traffic lights,Urban road,Secondary road,Concrete,Muddy,Poor,Clear,Single lane,Partially visible,Clear view,Under construction,Park Street,27.3314,88.6138
east Khasi Hills Meghalaya,Shillong,2010,1,Road accident,Highway intersection,Straight road,Human Error,Yes,Critical,Rear-end,Stop sign,Rural road,Main road,Cobblestone,Wet,Poor,Rainy,Double lane,Clearly visible,Obstructed view,Present,State Highway 1,91.8933,91.8933
Itanagar District Arunachal Pradesh,Itanagar,2015,3,Road accident,Residential street,Bridge,Human Error,No,Critical,Side-impact,Traffic lights,Rural road,Service road,Asphalt,Dry,Poor,Snowy,Multiple lanes,Newly painted,Poorly lit,Damaged,National Highway 27,27.0844,93.6053
Imphal East Manipur,Imphal,2000,2,Road accident,Near school,Bridge,Human Error,Yes,Low,Rollover,No control,Urban road,Secondary road,Asphalt,Muddy,Potholes present,Foggy,Triple lane,Not visible,Clear view,Present,Ring Road,24.8108,93.9386
Gangtok District Sikim District Sikim,Gangtok District Sikim,2022,2,Road accident,Market area,Intersection,Human Error,Yes,Critical,Head-on,No control,Rural road,Highway,Gravel,Dry,Good,Rainy,Multiple lanes,Partially visible,Clear view,Absent,Ring Road,27.3314,88.6138