DISTRICT NAME,UNIT NAME, YEAR,VEHICLE_INVOLVED,ACCIDENT CLASIFICATION,ACCIDENT SPOT,ACCIDENT LOCATION,MAIN CAUSE,HIT-RUN,SEVERITY,COLLISION TYPE,JUNCTION CONTROL,ROAD CHARACTER,ROAD-TYPE,SURFACE-TYPE,SURFACE CONDITION,ROAD CONDITION,WEATHER,LANE-TYPE,ROAD MARKING,SPOT CONDITIONS,SIDE WALK,ACCIDENT-ROAD,Latitude ,Longitude
Kohima District NagalandDistrict Nagaland,Kohima,2007,3,Road accident,Highway intersection,Tunnel,Human Error,Yes,Low,Rear-end,Yield sign,Urban road,Main road,Concrete,Slippery,Poor,Windy,Double lane,Not visible,Obstructed view,Under construction,Ring Road,25.6751,94.1086
Aizawl Mizoram,Aizawl,2004,4,Road accident,Market area,Curve,Human Error,Yes,Low,Rollover,Traffic lights,Curve,Service road,Cobblestone,Slippery,Fair,Windy,Double lane,Clearly visible,Congested,Under construction,MG Road,23.7307,92.7173
Imphal East Manipur,Imphal,2007,2,Road accident,Near school,Tunnel,Human Error,Yes,High,Rollover,Yield sign,Hilly,Local road,Gravel,Muddy,Poor,Windy,Double lane,Newly painted,Poorly lit,Well-maintained,Ring Road,24.8108,93.9386
Kohima District NagalandDistrict Nagaland,Kohima,2019,2,Road accident,Near school,Bridge,Human Error,Yes,High,Rollover,Traffic lights,Urban road,Main road,Asphalt,Muddy,Poor,Foggy,Divided,Partially visible,Well-lit,Absent,MG Road,25.6751,94.1086
Aizawl Mizoram,Aizawl,2017,2,Road accident,Highway intersection,Tunnel,Human Error,Yes,Low,Head-on,No control,Rural road,Local road,Concrete,Wet,Under construction,Rainy,Triple lane,Faded,Clear view,Damaged,Ring Road,23.7307,92.7173
Kohima District NagalandDistrict Nagaland,Kohima,2020,2,Road accident,Market area,Intersection,Human Error,Yes,High,Rear-end,Traffic lights,Straight,Highway,Concrete,Slippery,Good,Clear,Single lane,Partially visible,Well-lit,Damaged,National Highway 27,25.6751,94.1086
Aizawl Mizoram,Aizawl,2005,3,Road accident,Near school,Bridge,Human Error,No,Moderate,Rollover,Traffic lights,Curve,Local road,Dirt,Dry,Potholes present,Rainy,Double lane,Newly painted,Clear view,Damaged,Park Street,23.7307,92.7173
Imphal East Manipur,Imphal,2002,2,Road accident,Highway intersection,Bridge,Human Error,Yes,High,Head-on,No control,Hilly,Highway,Dirt,Muddy,Fair,Windy,Multiple lanes,Not visible,Congested,Under construction,National Highway 27,24.8108,93.9386
Kohima District NagalandDistrict Nagaland,Kohima,2019,2,Road accident,Near school,Curve,Human Error,Yes,Moderate,Rollover,Stop sign,Urban road,Secondary road,Asphalt,Wet,Poor,Windy,Double lane,Newly painted,Poorly lit,Damaged,State Highway 1,25.6751,94.1086
East Khasi Hills Meghalaya,Shillong,2017,3,Road accident,Near school,Straight road,Human Error,Yes,Critical,Rollover,No control,Urban road,Local road,Dirt,Slippery,Under construction,Rainy,Multiple lanes,Newly painted,Clear view,Damaged,Ring Road,91.8933,91.8933
Gangtok District Sikim District Sikim,Gangtok District Sikim,2015,3,Road accident,Highway intersection,Tunnel,Human Error,No,Low,Side-impact,No control,Flat,Service road,Gravel,Slippery,Good,Foggy,Single lane,Clearly visible,Clear view,Absent,Ring Road,27.3314,88.6138
Itanagar District Arunachal Prades,Itanagar,2012,3,Road accident,Highway intersection,Straight road,Human Error,Yes,Critical,Head-on,No control,Hilly,Highway,Cobblestone,Dry,Fair,Rainy,Single lane,Partially visible,Poorly lit,Under construction,State Highway 1,27.0844,93.6053
Kamrup Metropolitan Distric Assam,Guwahati,2012,2,Road accident,Near school,Curve,Human Error,Yes,High,Rear-end,Traffic lights,Urban road,Main road,Concrete,Slippery,Under construction,Clear,Double lane,Clearly visible,Congested,Damaged,MG Road,26.1158,91.7086
Imphal East Manipur,Imphal,2019,1,Road accident,Near school,Intersection,Human Error,Yes,Low,Head-on,Stop sign,Hilly,Main road,Dirt,Wet,Potholes present,Foggy,Divided,Clearly visible,Congested,Absent,Ring Road,24.8108,93.9386
Aizawl Mizoram,Aizawl,2005,3,Road accident,Near school,Curve,Human Error,Yes,High,Side-impact,Traffic lights,Hilly,Highway,Cobblestone,Wet,Fair,Rainy,Double lane,Faded,Clear view,Well-maintained,Park Street,23.7307,92.7173
Kohima District NagalandDistrict Nagaland,Kohima,2014,1,Road accident,Near school,Straight road,Human Error,No,Critical,Rollover,Traffic lights,Curve,Secondary road,Dirt,Wet,Under construction,Windy,Divided,Not visible,Clear view,Absent,MG Road,25.6751,94.1086
Aizawl Mizoram,Aizawl,2000,4,Road accident,Market area,Straight road,Human Error,No,Moderate,Rollover,Yield sign,Urban road,Highway,Dirt,Wet,Good,Rainy,Multiple lanes,Clearly visible,Obstructed view,Present,State Highway 1,23.7307,92.7173
Gangtok District Sikim District Sikim,Gangtok District Sikim,2022,2,Road accident,Commercial hub,Tunnel,Human Error,Yes,Moderate,Rear-end,Traffic lights,Curve,Service road,Asphalt,Slippery,Under construction,Clear,Double lane,Not visible,Well-lit,Under construction,Ring Road,27.3314,88.6138
Aizawl Mizoram,Aizawl,2011,3,Road accident,Residential street,Tunnel,Human Error,Yes,Critical,Rollover,Traffic lights,Rural road,Highway,Gravel,Wet,Under construction,Rainy,Triple lane,Partially visible,Clear view,Present,MG Road,23.7307,92.7173
East Khasi Hills Meghalaya,Shillong,2008,4,Road accident,Near school,Curve,Human Error,Yes,Critical,Head-on,Traffic lights,Straight,Service road,Cobblestone,Dry,Potholes present,Rainy,Triple lane,Partially visible,Well-lit,Absent,National Highway 27,91.8933,91.8933
Kohima District NagalandDistrl m Silm,Kohima,2012,2,Road accident,Residential street,Straight road,Human Error,No,Low,Side-impact,Yield sign,Straight,Local road,Gravel,Slippery,Poor,Clear,Single lane,Clearly visible,Well-lit,Under construction,Park Street,25.6751,94.1086
Itanagar District Arunachal Prades,Itanagar,2011,1,Road accident,Market area,Straight road,Human Error,No,High,Side-impact,No control,Urban road,Local road,Cobblestone,Wet,Poor,Windy,Multiple lanes,Partially visible,Poorly lit,Damaged,National Highway 27,27.0844,93.6053
Kohima District NagalandDistrict Nagaland,Kohima,2001,1,Road accident,Residential street,Straight road,Human Error,No,Moderate,Rollover,Stop sign,Straight,Secondary road,Concrete,Dry,Under construction,Windy,Single lane,Clearly visible,Congested,Under construction,Ring Road,25.6751,94.1086
KohKohima District NagalandDistrict Nagaland,Kohima,2001,3,Road accident,Commercial hub,Curve,Human Error,No,Moderate,Rear-end,Stop sign,Urban road,Service road,Cobblestone,Dry,Under construction,Clear,Multiple lanes,Partially visible,Clear view,Damaged,MG Road,25.6751,94.1086
East Khasi Hills Meghalaya,Shillong,2005,4,Road accident,Commercial hub,Curve,Human Error,No,High,Rear-end,Traffic lights,Curve,Service road,Cobblestone,Slippery,Potholes present,Clear,Triple lane,Partially visible,Clear view,Damaged,Ring Road,91.8933,91.8933
Imphal East Manipur,Imphal,2020,4,Road accident,Residential street,Curve,Human Error,No,High,Rear-end,Stop sign,Flat,Local road,Gravel,Muddy,Poor,Rainy,Multiple lanes,Not visible,Obstructed view,Present,MG Road,24.8108,93.9386
East Khasi Hills Meghalaya,Shillong,2002,2,Road accident,Residential street,Straight road,Human Error,Yes,Low,Rear-end,Traffic lights,Hilly,Main road,Gravel,Slippery,Poor,Windy,Triple lane,Clearly visible,Poorly lit,Present,National Highway 27,91.8933,91.8933
Gangtok District Sikim District Sikim,Gangtok District Sikim,2004,4,Road accident,Highway intersection,Tunnel,Human Error,Yes,Moderate,Rear-end,No control,Urban road,Local road,Gravel,Wet,Poor,Foggy,Divided,Partially visible,Poorly lit,Absent,Ring Road,27.3314,88.6138
Gangtok District Sikim District Sikim,Gangtok District Sikim,2009,3,Road accident,Near school,Bridge,Human Error,No,High,Head-on,No control,Urban road,Highway,Asphalt,Slippery,Good,Foggy,Multiple lanes,Partially visible,Obstructed view,Present,State Highway 1,27.3314,88.6138
Aizawl Mizoram,Aizawl,2002,3,Road accident,Near school,Bridge,Human Error,Yes,Critical,Rollover,No control,Hilly,Highway,Dirt,Slippery,Fair,Rainy,Multiple lanes,Partially visible,Poorly lit,Under construction,MG Road,23.7307,92.7173
Imphal East Manipur,Imphal,2011,3,Road accident,Residential street,Bridge,Human Error,Yes,Critical,Rear-end,No control,Curve,Secondary road,Concrete,Wet,Under construction,Foggy,Multiple lanes,Partially visible,Poorly lit,Damaged,Ring Road,24.8108,93.9386
Imphal East Manipur,Imphal,2012,2,Road accident,Highway intersection,Curve,Human Error,No,Critical,Side-impact,Traffic lights,Urban road,Secondary road,Gravel,Wet,Poor,Foggy,Divided,Not visible,Congested,Under construction,Park Street,24.8108,93.9386
Aizawl Mizoram,Aizawl,2010,1,Road accident,Highway intersection,Intersection,Human Error,No,High,Rear-end,No control,Hilly,Service road,Asphalt,Slippery,Potholes present,Windy,Divided,Faded,Obstructed view,Present,Park Street,23.7307,92.7173
Kamrup Metropolitan Distric Assam,Guwahati,2005,1,Road accident,Residential street,Tunnel,Human Error,No,Moderate,Side-impact,Yield sign,Urban road,Local road,Concrete,Wet,Potholes present,Windy,Double lane,Clearly visible,Poorly lit,Present,Park Street,26.1158,91.7086
KKohima District NagalandDistrict Nagaland,Kohima,2021,1,Road accident,Near school,Straight road,Human Error,No,High,Head-on,Yield sign,Hilly,Local road,Asphalt,Wet,Poor,Clear,Multiple lanes,Clearly visible,Poorly lit,Damaged,Ring Road,25.6751,94.1086
East Khasi Hills Meghalaya,Shillong,2020,2,Road accident,Highway intersection,Straight road,Human Error,No,Critical,Rollover,No control,Hilly,Highway,Concrete,Wet,Poor,Rainy,Multiple lanes,Partially visible,Well-lit,Present,Park Street,91.8933,91.8933
KoKohima District NagalandDistrict Nagaland,Kohima,2006,2,Road accident,Commercial hub,Intersection,Human Error,No,Low,Rear-end,Traffic lights,Rural road,Main road,Asphalt,Wet,Potholes present,Windy,Triple lane,Newly painted,Obstructed view,Damaged,Park Street,25.6751,94.1086
Aizawl Mizoram,Aizawl,2008,1,Road accident,Market area,Curve,Human Error,Yes,High,Rollover,Traffic lights,Hilly,Highway,Cobblestone,Wet,Poor,Clear,Divided,Not visible,Poorly lit,Under construction,State Highway 1,23.7307,92.7173
East Khasi Hills Meghalaya,Shillong,2021,2,Road accident,Market area,Tunnel,Human Error,Yes,High,Rollover,No control,Rural road,Highway,Concrete,Dry,Good,Clear,Divided,Partially visible,Poorly lit,Damaged,Ring Road,91.8933,91.8933
Imphal East Manipur,Imphal,2015,2,Road accident,Residential street,Tunnel,Human Error,No,Moderate,Head-on,Stop sign,Curve,Highway,Gravel,Wet,Under construction,Rainy,Multiple lanes,Clearly visible,Poorly lit,Present,Park Street,24.8108,93.9386
Aizawl Mizoram,Aizawl,2009,2,Road accident,Residential street,Intersection,Human Error,No,Low,Rear-end,No control,Urban road,Secondary road,Dirt,Dry,Good,Windy,Single lane,Faded,Clear view,Under construction,Ring Road,23.7307,92.7173
Kohima District NagalandDistrict Nagaland,Kohima,2003,2,Road accident,Market area,Tunnel,Human Error,No,Low,Head-on,Yield sign,Urban road,Highway,Concrete,Slippery,Good,Clear,Multiple lanes,Newly painted,Congested,Well-maintained,MG Road,25.6751,94.1086
Kohima District NagalandDistrict Nagaland,Kohima,2003,1,Road accident,Near school,Straight road,Human Error,Yes,Critical,Rear-end,No control,Straight,Local road,Dirt,Wet,Potholes present,Rainy,Single lane,Faded,Obstructed view,Under construction,Park Street,25.6751,94.1086
Itanagar District Arunachal Prades,Itanagar,2011,1,Road accident,Highway intersection,Tunnel,Human Error,Yes,High,Rollover,Stop sign,Curve,Secondary road,Dirt,Dry,Under construction,Windy,Multiple lanes,Faded,Poorly lit,Damaged,MG Road,27.0844,93.6053
Aizawl Mizoram,Aizawl,2021,3,Road accident,Residential street,Bridge,Human Error,No,Moderate,Rollover,Stop sign,Curve,Service road,Cobblestone,Muddy,Poor,Foggy,Double lane,Partially visible,Congested,Present,Park Street,23.7307,92.7173
Kohima District NagalandDistrict Nagaland,Kohima,2004,2,Road accident,Highway intersection,Curve,Human Error,No,Low,Rollover,Traffic lights,Hilly,Highway,Asphalt,Muddy,Under construction,Rainy,Multiple lanes,Clearly visible,Clear view,Absent,Ring Road,25.6751,94.1086
Aizawl Mizoram,Aizawl,2015,4,Road accident,Highway intersection,Tunnel,Human Error,Yes,Low,Side-impact,Traffic lights,Rural road,Highway,Asphalt,Wet,Poor,Rainy,Single lane,Clearly visible,Congested,Absent,Park Street,23.7307,92.7173
Kohima District NagalandDistrict Nagaland,Kohima,2013,3,Road accident,Near school,Curve,Human Error,No,High,Head-on,Yield sign,Flat,Service road,Asphalt,Slippery,Under construction,Rainy,Single lane,Newly painted,Poorly lit,Well-maintained,MG Road,25.6751,94.1086
Itanagar District Arunachal Prades,Itanagar,2004,2,Road accident,Market area,Tunnel,Human Error,Yes,Critical,Rollover,Yield sign,Rural road,Secondary road,Dirt,Dry,Potholes present,Foggy,Double lane,Not visible,Obstructed view,Absent,State Highway 1,27.0844,93.6053
Itanagar District Arunachal Prades,Itanagar,2012,4,Road accident,Market area,Curve,Human Error,No,Low,Rollover,Yield sign,Rural road,Secondary road,Gravel,Wet,Fair,Rainy,Double lane,Not visible,Clear view,Under construction,Ring Road,27.0844,93.6053
Itanagar District Arunachal Prades,Itanagar,2002,4,Road accident,Market area,Tunnel,Human Error,No,Critical,Side-impact,Yield sign,Rural road,Main road,Concrete,Wet,Poor,Clear,Single lane,Newly painted,Poorly lit,Absent,Ring Road,27.0844,93.6053
Itanagar District Arunachal Prades,Itanagar,2021,3,Road accident,Highway intersection,Straight road,Human Error,No,High,Side-impact,Yield sign,Flat,Main road,Gravel,Slippery,Under construction,Windy,Triple lane,Partially visible,Obstructed view,Present,Ring Road,27.0844,93.6053
Kamrup Metropolitan Distric Assam,Guwahati,2003,4,Road accident,Near school,Intersection,Human Error,Yes,Critical,Side-impact,Stop sign,Hilly,Secondary road,Cobblestone,Muddy,Good,Rainy,Single lane,Faded,Well-lit,Under construction,National Highway 27,26.1158,91.7086
Gangtok District Sikim District Sikim,Gangtok District Sikim,2004,4,Road accident,Residential street,Straight road,Human Error,No,Low,Rollover,Traffic lights,Urban road,Local road,Dirt,Dry,Under construction,Rainy,Single lane,Newly painted,Obstructed view,Well-maintained,Ring Road,27.3314,88.6138
Itanagar District Arunachal Prades,Itanagar,2006,4,Road accident,Market area,Straight road,Human Error,No,Moderate,Rollover,Stop sign,Flat,Secondary road,Concrete,Wet,Fair,Foggy,Triple lane,Faded,Congested,Under construction,Park Street,27.0844,93.6053
Gangtok District Sikim District Sikim,Gangtok District Sikim,2001,2,Road accident,Market area,Straight road,Human Error,No,Critical,Rear-end,Traffic lights,Urban road,Secondary road,Gravel,Muddy,Fair,Windy,Divided,Partially visible,Obstructed view,Well-maintained,Park Street,27.3314,88.6138
Kamrup Metropolitan Distric Assam,Guwahati,2010,4,Road accident,Commercial hub,Bridge,Human Error,Yes,High,Rollover,Yield sign,Rural road,Highway,Asphalt,Dry,Fair,Clear,Triple lane,Clearly visible,Poorly lit,Well-maintained,National Highway 27,26.1158,91.7086
Kohima District NagalandDistrict Nagaland,Kohima,2022,3,Road accident,Commercial hub,Straight road,Human Error,No,Low,Rear-end,Yield sign,Urban road,Main road,Dirt,Wet,Good,Windy,Double lane,Newly painted,Poorly lit,Damaged,State Highway 1,25.6751,94.1086
Kohima District NagalandDistrict Nagaland,Kohima,2006,3,Road accident,Commercial hub,Straight road,Human Error,Yes,Critical,Side-impact,Stop sign,Rural road,Highway,Gravel,Dry,Poor,Rainy,Divided,Newly painted,Obstructed view,Under construction,Park Street,25.6751,94.1086
Kamrup Metropolitan Distric Assam,Guwahati,2017,2,Road accident,Residential street,Straight road,Human Error,No,Critical,Head-on,Yield sign,Straight,Main road,Concrete,Slippery,Under construction,Clear,Multiple lanes,Clearly visible,Congested,Present,Park Street,26.1158,91.7086
Aizawl Mizoram,Aizawl,2014,1,Road accident,Residential street,Intersection,Human Error,Yes,Critical,Rear-end,No control,Rural road,Local road,Gravel,Dry,Good,Rainy,Triple lane,Newly painted,Clear view,Well-maintained,Ring Road,23.7307,92.7173
Gangtok District Sikim District Sikim,Gangtok District Sikim,2007,4,Road accident,Highway intersection,Bridge,Human Error,Yes,Critical,Side-impact,Traffic lights,Flat,Service road,Concrete,Slippery,Good,Rainy,Triple lane,Newly painted,Congested,Under construction,National Highway 27,27.3314,88.6138
Gangtok District Sikim District Sikim,Gangtok District Sikim,2022,4,Road accident,Residential street,Bridge,Human Error,Yes,High,Rollover,Stop sign,Straight,Main road,Concrete,Muddy,Potholes present,Clear,Multiple lanes,Partially visible,Clear view,Absent,Park Street,27.3314,88.6138
Imphal East Manipur,Imphal,2019,1,Road accident,Residential street,Curve,Human Error,No,Low,Rollover,No control,Hilly,Highway,Concrete,Dry,Poor,Foggy,Divided,Partially visible,Clear view,Damaged,National Highway 27,24.8108,93.9386
Itanagar District Arunachal Prades,Itanagar,2008,1,Road accident,Residential street,Straight road,Human Error,Yes,Critical,Rollover,Traffic lights,Rural road,Highway,Gravel,Dry,Fair,Rainy,Double lane,Clearly visible,Obstructed view,Well-maintained,Park Street,27.0844,93.6053
Aizawl Mizoram,Aizawl,2016,2,Road accident,Residential street,Intersection,Human Error,No,Critical,Head-on,Stop sign,Flat,Secondary road,Concrete,Wet,Poor,Windy,Divided,Faded,Congested,Absent,State Highway 1,23.7307,92.7173
Itanagar District Arunachal Prades,Itanagar,2007,4,Road accident,Commercial hub,Straight road,Human Error,No,High,Head-on,Stop sign,Urban road,Highway,Cobblestone,Wet,Poor,Foggy,Double lane,Not visible,Well-lit,Present,National Highway 27,27.0844,93.6053
Aizawl Mizoram,Aizawl,2017,2,Road accident,Commercial hub,Curve,Human Error,No,Critical,Side-impact,No control,Curve,Local road,Gravel,Wet,Good,Clear,Triple lane,Not visible,Poorly lit,Under construction,Ring Road,23.7307,92.7173
Itanagar District Arunachal Prades,Itanagar,2019,1,Road accident,Highway intersection,Intersection,Human Error,No,High,Head-on,No control,Straight,Local road,Dirt,Muddy,Good,Rainy,Divided,Newly painted,Congested,Absent,Park Street,27.0844,93.6053
Itanagar District Arunachal Prades,Itanagar,2017,1,Road accident,Market area,Straight road,Human Error,No,Low,Head-on,Stop sign,Rural road,Local road,Asphalt,Slippery,Fair,Windy,Divided,Clearly visible,Congested,Under construction,State Highway 1,27.0844,93.6053
Itanagar District Arunachal Prades,Itanagar,2022,1,Road accident,Residential street,Intersection,Human Error,No,Critical,Side-impact,Traffic lights,Curve,Local road,Cobblestone,Dry,Fair,Windy,Divided,Clearly visible,Obstructed view,Damaged,MG Road,27.0844,93.6053
Imphal East Manipur,Imphal,2012,2,Road accident,Commercial hub,Bridge,Human Error,Yes,Critical,Side-impact,Yield sign,Hilly,Secondary road,Concrete,Dry,Poor,Foggy,Single lane,Partially visible,Poorly lit,Absent,MG Road,24.8108,93.9386
East Khasi Hills Meghalaya,Shillong,2011,1,Road accident,Near school,Intersection,Human Error,Yes,Low,Head-on,Traffic lights,Curve,Local road,Concrete,Slippery,Fair,Rainy,Double lane,Clearly visible,Poorly lit,Under construction,National Highway 27,91.8933,91.8933
Gangtok District Sikim District Sikim,Gangtok District Sikim,2000,1,Road accident,Market area,Straight road,Human Error,Yes,Low,Side-impact,Stop sign,Urban road,Local road,Dirt,Slippery,Poor,Foggy,Double lane,Faded,Well-lit,Absent,National Highway 27,27.3314,88.6138
Itanagar District Arunachal Prades,Itanagar,2019,1,Road accident,Near school,Intersection,Human Error,Yes,Moderate,Head-on,Traffic lights,Flat,Local road,Gravel,Wet,Potholes present,Windy,Double lane,Newly painted,Well-lit,Well-maintained,Park Street,27.0844,93.6053
Gangtok District Sikim District Sikim,Gangtok District Sikim,2019,2,Road accident,Market area,Straight road,Human Error,No,Low,Rollover,Stop sign,Flat,Highway,Dirt,Wet,Poor,Clear,Multiple lanes,Partially visible,Congested,Damaged,State Highway 1,27.3314,88.6138
Aizawl Mizoram,Aizawl,2014,3,Road accident,Highway intersection,Straight road,Human Error,Yes,Critical,Head-on,Stop sign,Curve,Service road,Gravel,Wet,Poor,Foggy,Triple lane,Faded,Congested,Present,Ring Road,23.7307,92.7173
Gangtok District Sikim District Sikim,Gangtok District Sikim,2013,4,Road accident,Highway intersection,Curve,Human Error,No,High,Side-impact,Stop sign,Curve,Service road,Gravel,Wet,Good,Windy,Triple lane,Clearly visible,Clear view,Well-maintained,Ring Road,27.3314,88.6138
Kamrup Metropolitan Distric Assam,Guwahati,2013,2,Road accident,Market area,Bridge,Human Error,No,High,Side-impact,Traffic lights,Straight,Service road,Dirt,Wet,Fair,Rainy,Single lane,Newly painted,Well-lit,Absent,National Highway 27,26.1158,91.7086
Aizawl Mizoram,Aizawl,2011,1,Road accident,Near school,Bridge,Human Error,Yes,Critical,Rear-end,Stop sign,Rural road,Highway,Gravel,Wet,Potholes present,Clear,Triple lane,Faded,Well-lit,Well-maintained,MG Road,23.7307,92.7173
Aizawl Mizoram,Aizawl,2006,1,Road accident,Market area,Tunnel,Human Error,Yes,High,Rollover,Stop sign,Rural road,Highway,Concrete,Slippery,Poor,Windy,Divided,Newly painted,Poorly lit,Damaged,Park Street,23.7307,92.7173
East Khasi Hills Meghalaya,Shillong,2018,1,Road accident,Highway intersection,Curve,Human Error,Yes,Moderate,Rear-end,No control,Curve,Main road,Dirt,Muddy,Under construction,Rainy,Double lane,Faded,Poorly lit,Present,National Highway 27,91.8933,91.8933
Kamrup Metropolitan Distric Assam,Guwahati,2017,3,Road accident,Residential street,Curve,Human Error,No,Critical,Rollover,Stop sign,Hilly,Service road,Asphalt,Dry,Under construction,Rainy,Triple lane,Partially visible,Well-lit,Present,Ring Road,26.1158,91.7086
Kamrup Metropolitan Distric Assam,Guwahati,2021,3,Road accident,Market area,Straight road,Human Error,No,Moderate,Head-on,Yield sign,Flat,Service road,Dirt,Slippery,Good,Foggy,Single lane,Not visible,Congested,Under construction,National Highway 27,26.1158,91.7086
Kamrup Metropolitan Distric Assam,Guwahati,2020,4,Road accident,Commercial hub,Curve,Human Error,Yes,High,Side-impact,Stop sign,Rural road,Highway,Gravel,Muddy,Good,Rainy,Single lane,Not visible,Obstructed view,Absent,Ring Road,26.1158,91.7086
Gangtok District Sikim District Sikim,Gangtok District Sikim,2013,4,Road accident,Residential street,Curve,Human Error,No,Low,Side-impact,Stop sign,Flat,Secondary road,Dirt,Slippery,Under construction,Clear,Multiple lanes,Not visible,Obstructed view,Absent,MG Road,27.3314,88.6138
Imphal East Manipur,Imphal,2011,2,Road accident,Residential street,Tunnel,Human Error,Yes,Critical,Rear-end,Stop sign,Straight,Service road,Cobblestone,Muddy,Under construction,Clear,Double lane,Clearly visible,Congested,Present,National Highway 27,24.8108,93.9386
Imphal East Manipur,Imphal,2000,3,Road accident,Near school,Bridge,Human Error,No,Critical,Rear-end,Yield sign,Straight,Secondary road,Asphalt,Dry,Under construction,Rainy,Divided,Faded,Clear view,Under construction,Park Street,24.8108,93.9386
Itanagar District Arunachal Prades,Itanagar,2007,4,Road accident,Near school,Bridge,Human Error,Yes,High,Head-on,Traffic lights,Curve,Local road,Cobblestone,Wet,Poor,Rainy,Divided,Faded,Well-lit,Present,MG Road,27.0844,93.6053
Aizawl Mizoram,Aizawl,2005,2,Road accident,Highway intersection,Bridge,Human Error,No,Low,Rear-end,Stop sign,Flat,Highway,Asphalt,Slippery,Fair,Windy,Double lane,Partially visible,Congested,Absent,State Highway 1,23.7307,92.7173
Gangtok District Sikim District Sikim,Gangtok District Sikim,2010,2,Road accident,Residential street,Tunnel,Human Error,Yes,Critical,Rollover,Stop sign,Curve,Secondary road,Gravel,Dry,Good,Clear,Single lane,Partially visible,Poorly lit,Present,MG Road,27.3314,88.6138
Aizawl Mizoram,Aizawl,2017,3,Road accident,Market area,Bridge,Human Error,Yes,High,Rollover,No control,Curve,Local road,Concrete,Dry,Poor,Rainy,Divided,Clearly visible,Clear view,Present,State Highway 1,23.7307,92.7173
Itanagar District Arunachal Prades,Itanagar,2010,4,Road accident,Residential street,Tunnel,Human Error,Yes,Moderate,Side-impact,No control,Flat,Main road,Dirt,Dry,Potholes present,Foggy,Multiple lanes,Partially visible,Congested,Absent,State Highway 1,27.0844,93.6053
Gangtok District Sikim District Sikim,Gangtok District Sikim,2018,1,Road accident,Market area,Bridge,Human Error,No,High,Rear-end,Traffic lights,Flat,Secondary road,Concrete,Slippery,Fair,Foggy,Single lane,Partially visible,Poorly lit,Well-maintained,State Highway 1,27.3314,88.6138
Kamrup Metropolitan Distric Assam,Guwahati,2008,3,Road accident,Highway intersection,Bridge,Human Error,Yes,Moderate,Rollover,Yield sign,Hilly,Service road,Concrete,Muddy,Under construction,Windy,Single lane,Partially visible,Congested,Absent,Park Street,26.1158,91.7086
Aizawl Mizoram,Aizawl,2007,3,Road accident,Residential street,Straight road,Human Error,Yes,Critical,Side-impact,Stop sign,Hilly,Local road,Concrete,Dry,Good,Clear,Double lane,Faded,Congested,Absent,Park Street,23.7307,92.7173
Gangtok District Sikim District Sikim,Gangtok District Sikim,2003,4,Road accident,Highway intersection,Bridge,Human Error,Yes,Low,Head-on,Stop sign,Flat,Local road,Asphalt,Wet,Fair,Foggy,Triple lane,Faded,Poorly lit,Well-maintained,Park Street,27.3314,88.6138
Imphal East Manipur,Imphal,2010,1,Road accident,Near school,Bridge,Human Error,Yes,Critical,Head-on,Traffic lights,Rural road,Highway,Concrete,Wet,Good,Clear,Divided,Faded,Obstructed view,Absent,Ring Road,24.8108,93.9386