DISTRICT NAME,UNIT NAME, YEAR,VEHICLE_INVOLVED,ACCIDENT CLASIFICATION,ACCIDENT SPOT,ACCIDENT LOCATION,MAIN CAUSE,HIT-RUN,SEVERITY,COLLISION TYPE,JUNCTION CONTROL,ROAD CHARACTER,ROAD-TYPE,SURFACE-TYPE,SURFACE CONDITION,ROAD CONDITION,WEATHER,LANE-TYPE,ROAD MARKING,SPOT CONDITIONS,SIDE WALK,ACCIDENT-ROAD,Latitude ,Longitude
Imphal East Manipur,Imphal,2022,2,Road accident,Near school,Curve,Human Error,Yes,High,Rear-end,Yield sign,Hilly,Service road,Gravel,Slippery,Fair,Rainy,Single lane,Newly painted,Poorly lit,Under construction,Ring Road,24.8108,93.9386
Kamrup Metropolitan Distric Assam,Guwahati,2017,2,Road accident,Residential street,Straight road,Human Error,Yes,Moderate,Head-on,No control,Straight,Highway,Asphalt,Dry,Fair,Windy,Divided,Newly painted,Obstructed view,Well-maintained,Ring Road,26.1158,91.7086
Aizawl Mizoram,Aizawl,2007,1,Road accident,Commercial hub,Straight road,Human Error,Yes,Critical,Head-on,Traffic lights,Urban road,Highway,Cobblestone,Dry,Potholes present,Rainy,Double lane,Faded,Obstructed view,Absent,National Highway 27,23.7307,92.7173
Imphal East Manipur,Imphal,2015,1,Road accident,Highway intersection,Tunnel,Human Error,No,Critical,Side-impact,Stop sign,Urban road,Service road,Gravel,Wet,Under construction,Rainy,Multiple lanes,Faded,Congested,Present,National Highway 27,24.8108,93.9386
East Khasi Hills Meghalaya,Shillong,2021,3,Road accident,Commercial hub,Intersection,Human Error,Yes,High,Rollover,Yield sign,Hilly,Highway,Cobblestone,Wet,Good,Windy,Multiple lanes,Newly painted,Congested,Absent,National Highway 27,91.8933,91.8933
Kamrup Metropolitan Distric Assam,Guwahati,2005,2,Road accident,Commercial hub,Straight road,Human Error,No,Critical,Side-impact,Stop sign,Flat,Secondary road,Gravel,Muddy,Under construction,Foggy,Triple lane,Partially visible,Well-lit,Damaged,Ring Road,26.1158,91.7086
Kohima District NagalandDistrict Nagaland,Kohima,2007,3,Road accident,Commercial hub,Bridge,Human Error,Yes,High,Rollover,No control,Curve,Local road,Dirt,Muddy,Under construction,Rainy,Double lane,Newly painted,Obstructed view,Absent,Park Street,25.6751,94.1086
Gangtok District Sikim District Sikim,Gangtok District Sikim,2015,3,Road accident,Market area,Curve,Human Error,Yes,High,Rollover,Traffic lights,Urban road,Service road,Cobblestone,Slippery,Under construction,Clear,Multiple lanes,Newly painted,Clear view,Damaged,Ring Road,27.3314,88.6138
Kohima District NagalandDistrict Nagaland,Kohima,2018,1,Road accident,Residential street,Straight road,Human Error,No,Critical,Rollover,Yield sign,Curve,Local road,Gravel,Slippery,Under construction,Rainy,Single lane,Not visible,Congested,Damaged,Park Street,25.6751,94.1086
Kohima District NagalandDistrict Nagaland,Kohima,2010,2,Road accident,Market area,Curve,Human Error,No,High,Rear-end,No control,Urban road,Local road,Dirt,Slippery,Good,Foggy,Double lane,Newly painted,Well-lit,Under construction,State Highway 1,25.6751,94.1086
Kohima District NagalandDistrict Nagaland,Kohima,2014,1,Road accident,Near school,Tunnel,Human Error,Yes,High,Head-on,Stop sign,Straight,Secondary road,Dirt,Wet,Fair,Rainy,Double lane,Clearly visible,Obstructed view,Damaged,MG Road,25.6751,94.1086
Kohima District NagalandDistrict Nagaland,Kohima,2017,4,Road accident,Highway intersection,Tunnel,Human Error,Yes,Low,Rear-end,No control,Rural road,Local road,Gravel,Slippery,Under construction,Clear,Divided,Clearly visible,Obstructed view,Well-maintained,Park Street,25.6751,94.1086
Gangtok District Sikim District Sikim,Gangtok District Sikim,2016,3,Road accident,Near school,Curve,Human Error,No,High,Rollover,Yield sign,Straight,Local road,Dirt,Dry,Fair,Rainy,Triple lane,Not visible,Clear view,Under construction,National Highway 27,27.3314,88.6138
Gangtok District Sikim District Sikim,Gangtok District Sikim,2011,4,Road accident,Market area,Bridge,Human Error,No,Critical,Side-impact,Stop sign,Urban road,Main road,Concrete,Wet,Potholes present,Windy,Single lane,Faded,Obstructed view,Absent,Ring Road,27.3314,88.6138
Aizawl Mizoram,Aizawl,2008,3,Road accident,Commercial hub,Straight road,Human Error,No,High,Side-impact,No control,Hilly,Secondary road,Gravel,Muddy,Potholes present,Rainy,Divided,Partially visible,Well-lit,Damaged,Ring Road,23.7307,92.7173
Gangtok District Sikim District Sikim,Gangtok District Sikim,2018,3,Road accident,Residential street,Straight road,Human Error,No,Low,Rollover,Traffic lights,Curve,Local road,Cobblestone,Muddy,Good,Clear,Multiple lanes,Faded,Congested,Damaged,Ring Road,27.3314,88.6138
Kamrup Metropolitan Distric Assam,Guwahati,2020,3,Road accident,Commercial hub,Intersection,Human Error,Yes,Low,Head-on,Stop sign,Hilly,Main road,Cobblestone,Muddy,Under construction,Rainy,Multiple lanes,Faded,Obstructed view,Present,National Highway 27,26.1158,91.7086
Imphal East Manipur,Imphal,2000,2,Road accident,Highway intersection,Intersection,Human Error,No,Low,Head-on,Yield sign,Rural road,Highway,Asphalt,Dry,Under construction,Windy,Triple lane,Clearly visible,Clear view,Damaged,National Highway 27,24.8108,93.9386
East Khasi Hills Meghalaya,Shillong,2006,1,Road accident,Commercial hub,Tunnel,Human Error,No,Critical,Head-on,Stop sign,Curve,Service road,Cobblestone,Wet,Poor,Rainy,Double lane,Newly painted,Clear view,Under construction,Park Street,91.8933,91.8933
East Khasi Hills Meghalaya,Shillong,2004,1,Road accident,Residential street,Curve,Human Error,Yes,High,Side-impact,No control,Urban road,Local road,Cobblestone,Muddy,Fair,Windy,Triple lane,Not visible,Poorly lit,Well-maintained,MG Road,91.8933,91.8933
Gangtok District Sikim District Sikim,Gangtok District Sikim,2020,2,Road accident,Commercial hub,Intersection,Human Error,No,Moderate,Head-on,Stop sign,Hilly,Secondary road,Concrete,Dry,Good,Clear,Triple lane,Not visible,Clear view,Absent,State Highway 1,27.3314,88.6138
Itanagar District Arunachal Prades,Itanagar,2016,3,Road accident,Residential street,Intersection,Human Error,No,Critical,Head-on,No control,Urban road,Main road,Dirt,Dry,Under construction,Rainy,Double lane,Not visible,Poorly lit,Well-maintained,Ring Road,27.0844,93.6053
Gangtok District Sikim District Sikim,Gangtok District Sikim,2013,4,Road accident,Residential street,Intersection,Human Error,Yes,Low,Head-on,Traffic lights,Curve,Secondary road,Cobblestone,Wet,Poor,Windy,Triple lane,Newly painted,Well-lit,Damaged,National Highway 27,27.3314,88.6138
Kohima District NagalandDistrict Nagaland,Kohima,2005,3,Road accident,Residential street,Bridge,Human Error,No,High,Head-on,Yield sign,Curve,Service road,Dirt,Slippery,Fair,Windy,Triple lane,Partially visible,Clear view,Well-maintained,National Highway 27,25.6751,94.1086
Gangtok District Sikim District Sikim,Gangtok District Sikim,2012,2,Road accident,Near school,Tunnel,Human Error,Yes,High,Rollover,Traffic lights,Rural road,Highway,Dirt,Wet,Under construction,Windy,Divided,Clearly visible,Clear view,Well-maintained,Ring Road,27.3314,88.6138
Aizawl Mizoram,Aizawl,2008,4,Road accident,Residential street,Intersection,Human Error,No,Low,Rollover,Traffic lights,Curve,Highway,Concrete,Wet,Poor,Clear,Multiple lanes,Partially visible,Obstructed view,Present,MG Road,23.7307,92.7173
Kohima District NagalandDistrict Nagaland,Kohima,2006,1,Road accident,Commercial hub,Tunnel,Human Error,Yes,Low,Head-on,No control,Straight,Secondary road,Cobblestone,Wet,Potholes present,Rainy,Multiple lanes,Partially visible,Congested,Under construction,MG Road,25.6751,94.1086
Itanagar District Arunachal Prades,Itanagar,2015,4,Road accident,Highway intersection,Intersection,Human Error,No,Critical,Head-on,Stop sign,Rural road,Highway,Cobblestone,Wet,Poor,Clear,Double lane,Partially visible,Congested,Under construction,MG Road,27.0844,93.6053
Aizawl Mizoram,Aizawl,2019,1,Road accident,Near school,Intersection,Human Error,Yes,Moderate,Side-impact,Traffic lights,Rural road,Main road,Concrete,Muddy,Fair,Windy,Triple lane,Clearly visible,Obstructed view,Well-maintained,National Highway 27,23.7307,92.7173
Kohima District NagalandDistrict Nagaland,Kohima,2013,4,Road accident,Highway intersection,Tunnel,Human Error,Yes,Low,Head-on,No control,Flat,Secondary road,Asphalt,Wet,Fair,Rainy,Divided,Not visible,Clear view,Absent,National Highway 27,25.6751,94.1086
East Khasi Hills Meghalaya,Shillong,2016,1,Road accident,Near school,Curve,Human Error,No,Critical,Head-on,Stop sign,Urban road,Main road,Cobblestone,Slippery,Fair,Clear,Double lane,Newly painted,Well-lit,Absent,National Highway 27,91.8933,91.8933
Itanagar District Arunachal Prades,Itanagar,2004,1,Road accident,Commercial hub,Tunnel,Human Error,Yes,Critical,Head-on,No control,Curve,Service road,Dirt,Wet,Poor,Snowy,Multiple lanes,Clearly visible,Well-lit,Under construction,Ring Road,27.0844,93.6053
Aizawl Mizoram,Aizawl,2015,2,Road accident,Residential street,Tunnel,Human Error,Yes,Critical,Rear-end,Yield sign,Hilly,Service road,Asphalt,Muddy,Poor,Rainy,Multiple lanes,Not visible,Well-lit,Damaged,Park Street,23.7307,92.7173
Aizawl Mizoram,Aizawl,2010,4,Road accident,Commercial hub,Intersection,Human Error,Yes,High,Rear-end,Yield sign,Urban road,Highway,Cobblestone,Wet,Poor,Windy,Divided,Partially visible,Well-lit,Absent,National Highway 27,23.7307,92.7173
Kohima District NagalandDistrict Nagaland,Kohima,2013,2,Road accident,Residential street,Curve,Human Error,Yes,High,Rear-end,Traffic lights,Straight,Secondary road,Dirt,Muddy,Good,Rainy,Triple lane,Clearly visible,Poorly lit,Under construction,Park Street,25.6751,94.1086
Aizawl Mizoram,Aizawl,2020,4,Road accident,Commercial hub,Intersection,Human Error,Yes,Critical,Head-on,Yield sign,Hilly,Service road,Cobblestone,Wet,Under construction,Foggy,Divided,Clearly visible,Well-lit,Present,Ring Road,23.7307,92.7173
Aizawl Mizor,Aizawl,2014,2,Road accident,Commercial hub,Bridge,Human Error,Yes,Moderate,Rollover,Traffic lights,Flat,Local road,Concrete,Muddy,Good,Rainy,Single lane,Clearly visible,Poorly lit,Present,Park Street,23.7307,92.7173
East Khasi Hills Meghalaya,Shillong,2001,1,Road accident,Highway intersection,Intersection,Human Error,Yes,Low,Side-impact,Yield sign,Curve,Secondary road,Dirt,Muddy,Potholes present,Foggy,Multiple lanes,Newly painted,Obstructed view,Well-maintained,MG Road,91.8933,91.8933
Kohima District NagalandDistrict Nagaland,Kohima,2010,2,Road accident,Near school,Tunnel,Human Error,No,Critical,Rollover,Yield sign,Rural road,Main road,Cobblestone,Muddy,Poor,Rainy,Triple lane,Faded,Clear view,Absent,Ring Road,25.6751,94.1086
Imphal East Manipur,Imphal,2021,4,Road accident,Near school,Straight road,Human Error,Yes,Critical,Head-on,No control,Urban road,Main road,Gravel,Wet,Poor,Foggy,Double lane,Faded,Poorly lit,Damaged,National Highway 27,24.8108,93.9386
Kohima District NagalandDistrict Nagaland,Kohima,2006,2,Road accident,Highway intersection,Intersection,Human Error,Yes,Low,Side-impact,Traffic lights,Hilly,Local road,Gravel,Slippery,Poor,Foggy,Double lane,Newly painted,Obstructed view,Under construction,Park Street,25.6751,94.1086
Imphal East Manipur,Imphal,2015,4,Road accident,Near school,Intersection,Human Error,No,Critical,Rear-end,No control,Curve,Highway,Concrete,Wet,Poor,Rainy,Single lane,Partially visible,Obstructed view,Absent,Park Street,24.8108,93.9386
East Khasi Hills Meghalaya,Shillong,2002,3,Road accident,Highway intersection,Bridge,Human Error,No,Low,Head-on,Traffic lights,Flat,Service road,Dirt,Wet,Fair,Rainy,Single lane,Partially visible,Clear view,Under construction,National Highway 27,91.8933,91.8933
East Khasi Hills Meghalaya,Shillong,2014,4,Road accident,Commercial hub,Curve,Human Error,Yes,Moderate,Head-on,Traffic lights,Urban road,Secondary road,Asphalt,Wet,Potholes present,Rainy,Multiple lanes,Newly painted,Obstructed view,Damaged,Park Street,91.8933,91.8933
Itanagar District Arunachal Prades,Itanagar,2003,1,Road accident,Near school,Tunnel,Human Error,Yes,Critical,Rear-end,Stop sign,Straight,Highway,Concrete,Muddy,Fair,Foggy,Triple lane,Faded,Well-lit,Absent,State Highway 1,27.0844,93.6053
Imphal East Manipur,Imphal,2010,2,Road accident,Highway intersection,Bridge,Human Error,Yes,Low,Head-on,Traffic lights,Curve,Service road,Concrete,Muddy,Fair,Foggy,Double lane,Partially visible,Poorly lit,Present,Park Street,24.8108,93.9386
Kamrup Metropolitan Distric Assam,Guwahati,2017,2,Road accident,Market area,Bridge,Human Error,Yes,Moderate,Rollover,Yield sign,Rural road,Secondary road,Gravel,Dry,Poor,Windy,Triple lane,Faded,Well-lit,Absent,MG Road,26.1158,91.7086
Imphal East Manipur,Imphal,2009,3,Road accident,Commercial hub,Straight road,Human Error,Yes,High,Head-on,Yield sign,Curve,Main road,Gravel,Dry,Under construction,Rainy,Multiple lanes,Faded,Clear view,Damaged,MG Road,24.8108,93.9386
Aizawl Mizoram,Aizawl,2013,4,Road accident,Near school,Bridge,Human Error,Yes,High,Side-impact,Stop sign,Straight,Local road,Asphalt,Wet,Good,Foggy,Double lane,Newly painted,Congested,Damaged,Ring Road,23.7307,92.7173
Kohima District NagalandDistrict Nagaland,Kohima,2008,2,Road accident,Near school,Straight road,Human Error,No,High,Rollover,Yield sign,Urban road,Highway,Concrete,Muddy,Under construction,Rainy,Divided,Clearly visible,Congested,Well-maintained,Ring Road,25.6751,94.1086
Imphal East Manipur,Imphal,2002,4,Road accident,Near school,Intersection,Human Error,No,Moderate,Rear-end,No control,Rural road,Highway,Concrete,Dry,Under construction,Rainy,Divided,Faded,Obstructed view,Well-maintained,Ring Road,24.8108,93.9386
Kamrup Metropolitan Distric Assam,Guwahati,2000,4,Road accident,Residential street,Intersection,Human Error,Yes,Moderate,Rear-end,Traffic lights,Rural road,Local road,Dirt,Muddy,Poor,Windy,Multiple lanes,Clearly visible,Clear view,Damaged,National Highway 27,26.1158,91.7086
Gangtok District Sikim District Sikim,Gangtok District Sikim,2008,4,Road accident,Residential street,Intersection,Human Error,No,Moderate,Rear-end,Yield sign,Hilly,Secondary road,Dirt,Muddy,Under construction,Windy,Triple lane,Partially visible,Obstructed view,Under construction,MG Road,27.3314,88.6138
Kamrup Metropolitan Distric Assam,Guwahati,2021,2,Road accident,Highway intersection,Curve,Human Error,No,High,Side-impact,No control,Urban road,Secondary road,Dirt,Slippery,Fair,Windy,Triple lane,Clearly visible,Clear view,Damaged,National Highway 27,26.1158,91.7086
Gangtok District Sikim District Sikim,Gangtok District Sikim,2013,2,Road accident,Market area,Tunnel,Human Error,Yes,Critical,Rollover,Traffic lights,Urban road,Highway,Dirt,Slippery,Potholes present,Rainy,Divided,Clearly visible,Clear view,Absent,State Highway 1,27.3314,88.6138
Gangtok District Sikim District Sikim,Gangtok District Sikim,2017,3,Road accident,Residential street,Bridge,Human Error,No,High,Head-on,Stop sign,Flat,Secondary road,Asphalt,Wet,Good,Windy,Divided,Newly painted,Congested,Under construction,State Highway 1,27.3314,88.6138
Itanagar District Arunachal Prades,Itanagar,2006,3,Road accident,Highway intersection,Bridge,Human Error,No,Low,Rollover,Yield sign,Hilly,Local road,Concrete,Dry,Fair,Clear,Double lane,Not visible,Obstructed view,Damaged,National Highway 27,27.0844,93.6053
Kohima District NagalandDistrict Nagaland,Kohima,2018,3,Road accident,Highway intersection,Bridge,Human Error,No,Critical,Side-impact,Yield sign,Hilly,Secondary road,Gravel,Wet,Under construction,Rainy,Double lane,Clearly visible,Poorly lit,Well-maintained,Park Street,25.6751,94.1086
Aizawl Mizoram,Aizawl,2001,4,Road accident,Commercial hub,Intersection,Human Error,No,Moderate,Rear-end,Stop sign,Curve,Secondary road,Gravel,Muddy,Poor,Rainy,Double lane,Not visible,Clear view,Well-maintained,Ring Road,23.7307,92.7173
Itanagar District Arunachal Prades,Itanagar,2003,4,Road accident,Residential street,Straight road,Human Error,No,Moderate,Side-impact,No control,Curve,Main road,Dirt,Dry,Potholes present,Rainy,Multiple lanes,Faded,Poorly lit,Under construction,Park Street,27.0844,93.6053
Kohima District NagalandDistrict Nagaland,Kohima,2008,1,Road accident,Commercial hub,Tunnel,Human Error,No,High,Rear-end,Stop sign,Curve,Service road,Concrete,Wet,Good,Clear,Triple lane,Clearly visible,Clear view,Well-maintained,MG Road,25.6751,94.1086
Imphal East Manipur,Imphal,2021,2,Road accident,Commercial hub,Curve,Human Error,Yes,Critical,Side-impact,Yield sign,Rural road,Highway,Gravel,Wet,Good,Clear,Double lane,Faded,Obstructed view,Present,MG Road,24.8108,93.9386
Kamrup Metropolitan Distric Assam,Guwahati,2015,1,Road accident,Commercial hub,Intersection,Human Error,No,Low,Rollover,Traffic lights,Straight,Local road,Cobblestone,Slippery,Under construction,Foggy,Single lane,Not visible,Poorly lit,Absent,National Highway 27,26.1158,91.7086
East Khasi Hills Meghalaya,Shillong,2010,1,Road accident,Near school,Curve,Human Error,Yes,Critical,Head-on,No control,Straight,Secondary road,Asphalt,Wet,Good,Clear,Triple lane,Not visible,Poorly lit,Under construction,National Highway 27,91.8933,91.8933
Kamrup Metropolitan Distric Assam,Guwahati,2003,4,Road accident,Market area,Straight road,Human Error,Yes,Moderate,Side-impact,No control,Rural road,Main road,Gravel,Wet,Poor,Windy,Double lane,Newly painted,Obstructed view,Present,Ring Road,26.1158,91.7086
Imphal East Manipur,Imphal,2012,2,Road accident,Commercial hub,Tunnel,Human Error,Yes,Moderate,Head-on,Traffic lights,Straight,Main road,Asphalt,Dry,Potholes present,Clear,Triple lane,Faded,Obstructed view,Under construction,Park Street,24.8108,93.9386
Itanagar District Arunachal Prades,Itanagar,2015,3,Road accident,Market area,Intersection,Human Error,Yes,Low,Rollover,Traffic lights,Rural road,Highway,Concrete,Slippery,Poor,Rainy,Triple lane,Not visible,Obstructed view,Present,MG Road,27.0844,93.6053
Itanagar District Arunachal Prades,Itanagar,2007,4,Road accident,Residential street,Bridge,Human Error,Yes,Moderate,Rear-end,Stop sign,Rural road,Highway,Gravel,Wet,Poor,Rainy,Triple lane,Faded,Congested,Well-maintained,Ring Road,27.0844,93.6053
East Khasi Hills Meghalaya,Shillong,2014,2,Road accident,Highway intersection,Straight road,Human Error,Yes,Low,Rollover,Stop sign,Curve,Secondary road,Dirt,Dry,Under construction,Rainy,Double lane,Clearly visible,Congested,Damaged,National Highway 27,91.8933,91.8933
Itanagar District Arunachal Prades,Itanagar,2002,4,Road accident,Market area,Straight road,Human Error,Yes,Critical,Head-on,Traffic lights,Curve,Secondary road,Cobblestone,Wet,Under construction,Foggy,Divided,Not visible,Clear view,Well-maintained,MG Road,27.0844,93.6053
Gangtok District Sikim District Sikim,Gangtok District Sikim,2015,3,Road accident,Commercial hub,Intersection,Human Error,No,Moderate,Rear-end,Stop sign,Rural road,Secondary road,Dirt,Muddy,Good,Foggy,Triple lane,Newly painted,Clear view,Under construction,State Highway 1,27.3314,88.6138
Imphal East Manipur,Imphal,2007,3,Road accident,Commercial hub,Intersection,Human Error,No,Low,Rear-end,Traffic lights,Hilly,Main road,Dirt,Slippery,Under construction,Clear,Divided,Partially visible,Poorly lit,Well-maintained,National Highway 27,24.8108,93.9386
Gangtok District Sikim District Sikim,Gangtok District Sikim,2017,2,Road accident,Highway intersection,Bridge,Human Error,No,Critical,Side-impact,Yield sign,Hilly,Highway,Dirt,Wet,Good,Clear,Triple lane,Partially visible,Well-lit,Under construction,National Highway 27,27.3314,88.6138
Gangtok District Sikim District Sikim,Gangtok District Sikim,2020,4,Road accident,Commercial hub,Straight road,Human Error,Yes,Critical,Head-on,No control,Straight,Highway,Cobblestone,Wet,Under construction,Rainy,Double lane,Partially visible,Obstructed view,Absent,MG Road,27.3314,88.6138
East Khasi Hills Meghalaya,Shillong,2018,4,Road accident,Market area,Tunnel,Human Error,No,Low,Rear-end,Yield sign,Urban road,Main road,Concrete,Wet,Good,Rainy,Multiple lanes,Partially visible,Well-lit,Under construction,State Highway 1,91.8933,91.8933
Kamrup Metropolitan Distric Assam,Guwahati,2016,2,Road accident,Market area,Tunnel,Human Error,No,Moderate,Rear-end,No control,Urban road,Main road,Asphalt,Slippery,Poor,Rainy,Double lane,Clearly visible,Poorly lit,Present,National Highway 27,26.1158,91.7086
Kohima District NagalandDistrict Nagaland,Kohima,2022,2,Road accident,Near school,Bridge,Human Error,Yes,Critical,Head-on,No control,Curve,Service road,Asphalt,Slippery,Under construction,Rainy,Divided,Partially visible,Congested,Under construction,Ring Road,25.6751,94.1086
Imphal East Manipur,Imphal,2003,4,Road accident,Highway intersection,Curve,Human Error,Yes,Critical,Rear-end,No control,Flat,Secondary road,Concrete,Dry,Fair,Rainy,Single lane,Not visible,Clear view,Damaged,Park Street,24.8108,93.9386
Itanagar Idor Esniaur,Itanagar,2022,4,Road accident,Near school,Curve,Human Error,No,Critical,Side-impact,No control,Rural road,Local road,Asphalt,Dry,Fair,Foggy,Single lane,Faded,Congested,Present,Ring Road,27.0844,93.6053
Imphal East Manipur,Imphal,2017,3,Road accident,Residential street,Straight road,Human Error,Yes,Low,Rollover,Traffic lights,Urban road,Service road,Concrete,Dry,Fair,Windy,Single lane,Not visible,Poorly lit,Absent,State Highway 1,24.8108,93.9386
Aizawl Mizoram,Aizawl,2019,1,Road accident,Highway intersection,Bridge,Human Error,Yes,Low,Side-impact,Traffic lights,Urban road,Highway,Gravel,Slippery,Under construction,Foggy,Single lane,Clearly visible,Clear view,Under construction,State Highway 1,23.7307,92.7173
Aizawl Mizoram,Aizawl,2012,2,Road accident,Commercial hub,Intersection,Human Error,Yes,High,Rear-end,Yield sign,Urban road,Local road,Asphalt,Dry,Potholes present,Windy,Double lane,Partially visible,Congested,Damaged,MG Road,23.7307,92.7173
East Khasi Hills Meghalaya,Shillong,2016,1,Road accident,Market area,Tunnel,Human Error,No,High,Side-impact,No control,Flat,Secondary road,Cobblestone,Wet,Poor,Windy,Single lane,Not visible,Poorly lit,Present,Park Street,91.8933,91.8933
Kamrup Metropolitan Distric Assam,Guwahati,2008,4,Road accident,Near school,Straight road,Human Error,Yes,Critical,Rollover,Stop sign,Rural road,Service road,Dirt,Slippery,Under construction,Rainy,Double lane,Partially visible,Well-lit,Present,State Highway 1,26.1158,91.7086
Gangtok District Sikim District Sikim,Gangtok District Sikim,2016,2,Road accident,Residential street,Tunnel,Human Error,Yes,High,Side-impact,Yield sign,Straight,Service road,Concrete,Wet,Fair,Windy,Multiple lanes,Newly painted,Obstructed view,Well-maintained,National Highway 27,27.3314,88.6138
Aizawl Mizoram,Aizawl,2018,2,Road accident,Residential street,Tunnel,Human Error,No,Critical,Rollover,Yield sign,Hilly,Local road,Gravel,Wet,Potholes present,Windy,Multiple lanes,Not visible,Well-lit,Absent,State Highway 1,23.7307,92.7173
Kamrup Metropolitan Costrwe Assam,Guwahati,2006,1,Road accident,Near school,Straight road,Human Error,Yes,High,Side-impact,Yield sign,Flat,Local road,Concrete,Wet,Poor,Foggy,Triple lane,Not visible,Poorly lit,Damaged,National Highway 27,26.1158,91.7086
Gangtok District Sikim District Sikim,Gangtok District Sikim,2012,1,Road accident,Residential street,Tunnel,Human Error,No,High,Rollover,Traffic lights,Urban road,Local road,Gravel,Muddy,Under construction,Clear,Single lane,Partially visible,Clear view,Under construction,National Highway 27,27.3314,88.6138
Gangtok District Sikim District Sikim,Gangtok District Sikim,2004,1,Road accident,Commercial hub,Straight road,Human Error,Yes,Critical,Rear-end,Traffic lights,Rural road,Secondary road,Cobblestone,Muddy,Good,Rainy,Multiple lanes,Not visible,Obstructed view,Damaged,National Highway 27,27.3314,88.6138
Kohima District NagalandDistrict Nagaland,Kohima,2018,4,Road accident,Residential street,Curve,Human Error,Yes,Critical,Rear-end,Traffic lights,Straight,Local road,Gravel,Wet,Fair,Rainy,Single lane,Partially visible,Congested,Damaged,Park Street,25.6751,94.1086
Imphal East Manipur,Imphal,2015,1,Road accident,Near school,Curve,Human Error,Yes,Critical,Side-impact,No control,Urban road,Local road,Gravel,Dry,Fair,Windy,Triple lane,Newly painted,Poorly lit,Damaged,State Highway 1,24.8108,93.9386
Imphal East Manipur,Imphal,2012,2,Road accident,Market area,Tunnel,Human Error,No,High,Rollover,Traffic lights,Urban road,Local road,Cobblestone,Slippery,Good,Rainy,Double lane,Not visible,Obstructed view,Under construction,National Highway 27,24.8108,93.9386
Imphal East Manipur,Imphal,2003,3,Road accident,Residential street,Straight road,Human Error,Yes,High,Rollover,Traffic lights,Urban road,Service road,Concrete,Dry,Fair,Clear,Single lane,Clearly visible,Well-lit,Damaged,State Highway 1,24.8108,93.9386
Gangtok District Sikim District Sikim,Gangtok District Sikim,2010,3,Road accident,Commercial hub,Curve,Human Error,Yes,Critical,Head-on,Stop sign,Curve,Service road,Cobblestone,Wet,Good,Windy,Triple lane,Not visible,Obstructed view,Absent,State Highway 1,27.3314,88.6138
East Khasi Hills Meghalaya,Shillong,2008,3,Road accident,Commercial hub,Bridge,Human Error,No,High,Rollover,No control,Urban road,Secondary road,Cobblestone,Muddy,Potholes present,Clear,Triple lane,Not visible,Well-lit,Well-maintained,MG Road,91.8933,91.8933
Imphal East Manipur,Imphal,2011,4,Road accident,Near school,Bridge,Human Error,No,High,Rear-end,No control,Straight,Service road,Gravel,Dry,Under construction,Clear,Triple lane,Newly painted,Congested,Under construction,State Highway 1,24.8108,93.9386