DISTRICT NAME,UNIT NAME, YEAR,VEHICLE_INVOLVED,ACCIDENT CLASIFICATION,ACCIDENT SPOT,ACCIDENT LOCATION,MAIN CAUSE,HIT-RUN,SEVERITY,COLLISION TYPE,JUNCTION CONTROL,ROAD CHARACTER,ROAD-TYPE,SURFACE-TYPE,SURFACE CONDITION,ROAD CONDITION,WEATHER,LANE-TYPE,ROAD MARKING,SPOT CONDITIONS,SIDE WALK,ACCIDENT-ROAD,Latitude ,Longitude
Aizawl District Mizoram ,Aizawl,2021,1,Road accident,Highway intersection,Intersection,Human Error,Yes,Moderate,Head-on,No control,Straight,Secondary road,Concrete,Dry,Poor,Clear,Triple lane,Clearly visible,Well-lit,Damaged,Ring Road,23.7307,92.7173
Imphal West Manipur,Imphal,2012,4,Road accident,Commercial hub,Straight road,Human Error,No,High,Head-on,Yield sign,Curve,Service road,Cobblestone,Muddy,Under construction,Rainy,Single lane,Clearly visible,Congested,Absent,Ring Road,24.8108,93.9386
Aizawl District Mizoram ,Aizawl,2008,2,Road accident,Commercial hub,Straight road,Human Error,Yes,Critical,Side-impact,No control,Straight,Highway,Cobblestone,Dry,Good,Foggy,Divided,Partially visible,Well-lit,Present,Park Street,23.7307,92.7173
Aizawl District Mizoram ,Aizawl,2009,4,Road accident,Residential street,Curve,Human Error,Yes,Critical,Side-impact,Yield sign,Rural road,Highway,Cobblestone,Wet,Under construction,Rainy,Single lane,Not visible,Obstructed view,Well-maintained,Ring Road,23.7307,92.7173
East Kashi Hills Meghalaya,Shillong,2000,2,Road accident,Residential street,Straight road,Human Error,No,Moderate,Head-on,Stop sign,Flat,Secondary road,Dirt,Wet,Fair,Clear,Single lane,Clearly visible,Well-lit,Damaged,MG Road,91.8933,91.8933
East Kashi Hills Meghalaya,Shillong,2019,2,Road accident,Highway intersection,Straight road,Human Error,Yes,Moderate,Side-impact,Stop sign,Urban road,Main road,Asphalt,Dry,Good,Rainy,Multiple lanes,Newly painted,Poorly lit,Present,National Highway 27,91.8933,91.8933
East Kashi Hills Meghalaya,Shillong,2013,4,Road accident,Commercial hub,Bridge,Human Error,Yes,Moderate,Rollover,Yield sign,Urban road,Service road,Gravel,Slippery,Poor,Rainy,Single lane,Newly painted,Obstructed view,Present,Park Street,91.8933,91.8933
Kamrup Metropoliton District Assam,Guwahati,2021,1,Road accident,Commercial hub,Intersection,Human Error,No,High,Rear-end,Yield sign,Straight,Local road,Gravel,Muddy,Potholes present,Windy,Double lane,Faded,Congested,Well-maintained,State Highway 1,26.1158,91.7086
Gangtok District Sikim,Gangtok District Sikim,2020,3,Road accident,Highway intersection,Curve,Human Error,Yes,High,Side-impact,No control,Urban road,Service road,Dirt,Wet,Fair,Foggy,Double lane,Clearly visible,Well-lit,Damaged,Park Street,27.3314,88.6138
Gangtok District Sikim,Gangtok District Sikim,2020,3,Road accident,Near school,Intersection,Human Error,No,High,Side-impact,No control,Curve,Local road,Concrete,Dry,Under construction,Clear,Divided,Faded,Poorly lit,Damaged,Ring Road,27.3314,88.6138
East Kashi Hills Meghalaya,Shillong,2017,4,Road accident,Residential street,Intersection,Human Error,Yes,Moderate,Rollover,Yield sign,Flat,Main road,Concrete,Muddy,Potholes present,Windy,Single lane,Newly painted,Poorly lit,Well-maintained,Ring Road,91.8933,91.8933
Kamrup Metropoliton District Assam,Guwahati,2022,1,Road accident,Market area,Curve,Human Error,Yes,Low,Rear-end,No control,Curve,Local road,Concrete,Wet,Potholes present,Foggy,Single lane,Not visible,Poorly lit,Under construction,Ring Road,26.1158,91.7086
Kamrup Metropoliton District Assam,Guwahati,2021,1,Road accident,Commercial hub,Straight road,Human Error,No,Low,Side-impact,Yield sign,Urban road,Highway,Concrete,Muddy,Poor,Foggy,Double lane,Partially visible,Clear view,Present,National Highway 27,26.1158,91.7086
Kamrup Metropoliton District Assam,Guwahati,2013,1,Road accident,Near school,Bridge,Human Error,No,Low,Side-impact,Yield sign,Curve,Secondary road,Asphalt,Slippery,Good,Clear,Multiple lanes,Clearly visible,Well-lit,Absent,Park Street,26.1158,91.7086
Aizawl District Mizoram ,Aizawl,2010,3,Road accident,Near school,Curve,Human Error,Yes,Critical,Head-on,No control,Rural road,Secondary road,Cobblestone,Dry,Potholes present,Clear,Divided,Not visible,Congested,Absent,Ring Road,23.7307,92.7173
East Kashi Hills Meghalaya,Shillong,2010,2,Road accident,Near school,Tunnel,Human Error,Yes,Moderate,Side-impact,Stop sign,Flat,Service road,Concrete,Dry,Fair,Foggy,Double lane,Faded,Obstructed view,Damaged,Park Street,91.8933,91.8933
Itanagar District,Itanagar,2012,1,Road accident,Highway intersection,Bridge,Human Error,Yes,Critical,Side-impact,No control,Flat,Main road,Gravel,Wet,Good,Clear,Triple lane,Clearly visible,Clear view,Absent,National Highway 27,27.0844,93.6053
East Kashi Hills Meghalaya,Shillong,2009,2,Road accident,Market area,Straight road,Human Error,No,Critical,Head-on,Traffic lights,Hilly,Local road,Concrete,Muddy,Poor,Rainy,Double lane,Clearly visible,Congested,Damaged,State Highway 1,91.8933,91.8933
Imphal West Manipur,Imphal,2000,2,Road accident,Market area,Straight road,Human Error,Yes,Critical,Rear-end,Yield sign,Curve,Secondary road,Gravel,Wet,Good,Rainy,Triple lane,Partially visible,Congested,Well-maintained,Park Street,24.8108,93.9386
Aizawl District Mizoram ,Aizawl,2022,3,Road accident,Commercial hub,Intersection,Human Error,No,High,Rollover,Traffic lights,Flat,Secondary road,Concrete,Dry,Potholes present,Rainy,Single lane,Faded,Congested,Under construction,Park Street,23.7307,92.7173
East Kashi Hills Meghalaya,Shillong,2016,4,Road accident,Near school,Curve,Human Error,No,Low,Head-on,Yield sign,Urban road,Local road,Gravel,Slippery,Poor,Windy,Triple lane,Faded,Clear view,Present,MG Road,91.8933,91.8933
Imphal West Manipur,Imphal,2003,4,Road accident,Highway intersection,Tunnel,Human Error,Yes,Critical,Rollover,Traffic lights,Urban road,Secondary road,Gravel,Slippery,Potholes present,Windy,Divided,Faded,Clear view,Well-maintained,State Highway 1,24.8108,93.9386
East Kashi Hills Meghalaya,Shillong,2009,4,Road accident,Residential street,Curve,Human Error,No,Low,Head-on,Yield sign,Rural road,Secondary road,Asphalt,Slippery,Fair,Foggy,Multiple lanes,Clearly visible,Well-lit,Absent,MG Road,91.8933,91.8933
Kamrup Metropoliton District Assam,Guwahati,2013,4,Road accident,Residential street,Intersection,Human Error,No,High,Rear-end,No control,Rural road,Local road,Asphalt,Wet,Good,Clear,Divided,Clearly visible,Well-lit,Under construction,Park Street,26.1158,91.7086
Kohima District Nagaland,Kohima,2017,2,Road accident,Market area,Bridge,Human Error,No,Critical,Rear-end,Stop sign,Straight,Highway,Cobblestone,Wet,Good,Foggy,Triple lane,Faded,Clear view,Under construction,Ring Road,25.6751,94.1086
Aizawl District Mizoram ,Aizawl,2001,2,Road accident,Near school,Intersection,Human Error,Yes,High,Rear-end,No control,Flat,Highway,Dirt,Muddy,Good,Windy,Double lane,Not visible,Congested,Present,MG Road,23.7307,92.7173
Imphal West Manipur,Imphal,2017,3,Road accident,Commercial hub,Straight road,Human Error,No,Low,Side-impact,Yield sign,Hilly,Local road,Asphalt,Wet,Potholes present,Foggy,Multiple lanes,Newly painted,Congested,Damaged,Park Street,24.8108,93.9386
Kamrup Metropoliton District Assam,Guwahati,2018,3,Road accident,Highway intersection,Straight road,Human Error,No,Moderate,Rear-end,No control,Flat,Local road,Concrete,Muddy,Under construction,Clear,Divided,Partially visible,Poorly lit,Well-maintained,MG Road,26.1158,91.7086
Kamrup Metropoliton District Assam,Guwahati,2001,3,Road accident,Residential street,Curve,Human Error,Yes,Critical,Head-on,Traffic lights,Rural road,Local road,Cobblestone,Muddy,Fair,Rainy,Multiple lanes,Clearly visible,Poorly lit,Under construction,National Highway 27,26.1158,91.7086
Itanagar District,Itanagar,2018,1,Road accident,Residential street,Straight road,Human Error,Yes,Critical,Head-on,Yield sign,Curve,Service road,Asphalt,Wet,Fair,Windy,Divided,Not visible,Obstructed view,Absent,Ring Road,27.0844,93.6053
Kohima District Nagaland,Kohima,2006,2,Road accident,Market area,Intersection,Human Error,Yes,Moderate,Rollover,Stop sign,Rural road,Local road,Gravel,Slippery,Potholes present,Foggy,Single lane,Clearly visible,Obstructed view,Damaged,Park Street,25.6751,94.1086
Kohima District Nagaland,Kohima,2006,3,Road accident,Near school,Straight road,Human Error,Yes,Critical,Rollover,Yield sign,Rural road,Service road,Dirt,Dry,Potholes present,Windy,Divided,Clearly visible,Obstructed view,Under construction,Ring Road,25.6751,94.1086
Kohima District Nagaland,Kohima,2000,2,Road accident,Near school,Tunnel,Human Error,No,High,Rear-end,Traffic lights,Hilly,Secondary road,Cobblestone,Dry,Potholes present,Clear,Divided,Clearly visible,Well-lit,Present,National Highway 27,25.6751,94.1086
Aizawl District Mizoram ,Aizawl,2015,1,Road accident,Market area,Tunnel,Human Error,No,Low,Rollover,Yield sign,Hilly,Local road,Asphalt,Muddy,Potholes present,Foggy,Triple lane,Not visible,Clear view,Under construction,State Highway 1,23.7307,92.7173
Kamrup Metropoliton District Assam,Guwahati,2009,3,Road accident,Market area,Curve,Human Error,No,Moderate,Head-on,Stop sign,Urban road,Main road,Dirt,Dry,Fair,Windy,Single lane,Partially visible,Well-lit,Present,Park Street,26.1158,91.7086
Imphal West Manipur,Imphal,2006,2,Road accident,Commercial hub,Tunnel,Human Error,Yes,Moderate,Side-impact,Traffic lights,Curve,Highway,Gravel,Dry,Fair,Windy,Divided,Partially visible,Well-lit,Present,Park Street,24.8108,93.9386
Aizawl District Mizoram ,Aizawl,2010,4,Road accident,Commercial hub,Straight road,Human Error,No,High,Side-impact,Yield sign,Flat,Main road,Concrete,Slippery,Fair,Rainy,Triple lane,Faded,Poorly lit,Present,National Highway 27,23.7307,92.7173
Gangtok District Sikim,Gangtok District Sikim,2010,2,Road accident,Highway intersection,Tunnel,Human Error,No,High,Rollover,Stop sign,Hilly,Service road,Dirt,Slippery,Under construction,Windy,Single lane,Newly painted,Poorly lit,Present,Ring Road,27.3314,88.6138
East Kashi Hills Meghalaya,Shillong,2009,3,Road accident,Commercial hub,Intersection,Human Error,Yes,Moderate,Rollover,Yield sign,Hilly,Highway,Dirt,Wet,Poor,Rainy,Multiple lanes,Faded,Obstructed view,Well-maintained,MG Road,91.8933,91.8933
East Kashi Hills Meghalaya,Shillong,2004,2,Road accident,Market area,Bridge,Human Error,Yes,Moderate,Head-on,Traffic lights,Urban road,Highway,Asphalt,Wet,Good,Windy,Triple lane,Partially visible,Clear view,Under construction,Ring Road,91.8933,91.8933
Itanagar District,Itanagar,2019,3,Road accident,Market area,Intersection,Human Error,Yes,High,Rear-end,Stop sign,Curve,Secondary road,Dirt,Wet,Potholes present,Rainy,Single lane,Clearly visible,Obstructed view,Well-maintained,Ring Road,27.0844,93.6053
Aizawl District Mizoram ,Aizawl,2020,4,Road accident,Market area,Bridge,Human Error,No,High,Rear-end,Traffic lights,Rural road,Main road,Gravel,Slippery,Good,Foggy,Multiple lanes,Faded,Well-lit,Under construction,Ring Road,23.7307,92.7173
Kohima District Nagaland,Kohima,2021,2,Road accident,Market area,Tunnel,Human Error,No,High,Rollover,No control,Rural road,Highway,Concrete,Wet,Poor,Clear,Single lane,Newly painted,Poorly lit,Well-maintained,State Highway 1,25.6751,94.1086
Imphal West Manipur,Imphal,2012,2,Road accident,Highway intersection,Intersection,Human Error,No,Low,Rollover,Stop sign,Hilly,Main road,Cobblestone,Wet,Under construction,Foggy,Multiple lanes,Faded,Clear view,Present,MG Road,24.8108,93.9386
Aizawl District Mizoram ,Aizawl,2019,4,Road accident,Commercial hub,Curve,Human Error,No,Moderate,Rear-end,Yield sign,Rural road,Secondary road,Asphalt,Slippery,Poor,Rainy,Triple lane,Partially visible,Well-lit,Under construction,State Highway 1,23.7307,92.7173
East Kashi Hills Meghalaya,Shillong,2017,2,Road accident,Commercial hub,Tunnel,Human Error,Yes,Low,Side-impact,Yield sign,Hilly,Service road,Cobblestone,Wet,Poor,Rainy,Multiple lanes,Not visible,Congested,Damaged,National Highway 27,91.8933,91.8933
Kohima District Nagaland,Kohima,2000,4,Road accident,Highway intersection,Curve,Human Error,Yes,Low,Rear-end,Traffic lights,Hilly,Secondary road,Dirt,Wet,Poor,Foggy,Single lane,Faded,Well-lit,Damaged,Park Street,25.6751,94.1086
Kamrup Metropoliton District Assam,Guwahati,2011,3,Road accident,Highway intersection,Straight road,Human Error,No,Critical,Head-on,Stop sign,Curve,Highway,Dirt,Dry,Fair,Windy,Triple lane,Not visible,Obstructed view,Absent,National Highway 27,26.1158,91.7086
Aizawl District Mizoram ,Aizawl,2008,4,Road accident,Commercial hub,Straight road,Human Error,Yes,Critical,Rear-end,Stop sign,Urban road,Service road,Dirt,Dry,Under construction,Windy,Double lane,Faded,Obstructed view,Absent,Ring Road,23.7307,92.7173
Gangtok District Sikim,Gangtok District Sikim,2011,1,Road accident,Near school,Bridge,Human Error,No,Critical,Rollover,Yield sign,Urban road,Secondary road,Gravel,Wet,Under construction,Rainy,Divided,Newly painted,Congested,Under construction,Park Street,27.3314,88.6138
Kamrup Metropoliton District Assam,Guwahati,2019,3,Road accident,Near school,Straight road,Human Error,Yes,Critical,Head-on,Stop sign,Flat,Service road,Asphalt,Wet,Potholes present,Clear,Triple lane,Partially visible,Obstructed view,Absent,MG Road,26.1158,91.7086
Kamrup Metropoliton District Assam,Guwahati,2016,3,Road accident,Near school,Bridge,Human Error,Yes,Low,Side-impact,Yield sign,Hilly,Local road,Cobblestone,Wet,Potholes present,Rainy,Divided,Clearly visible,Obstructed view,Present,State Highway 1,26.1158,91.7086
Aizawl District Mizoram ,Aizawl,2013,1,Road accident,Near school,Intersection,Human Error,Yes,Moderate,Rear-end,Traffic lights,Hilly,Highway,Concrete,Muddy,Potholes present,Windy,Single lane,Clearly visible,Well-lit,Damaged,Ring Road,23.7307,92.7173
Imphal West Manipur,Imphal,2008,2,Road accident,Commercial hub,Tunnel,Human Error,Yes,Moderate,Side-impact,Stop sign,Curve,Secondary road,Gravel,Slippery,Potholes present,Rainy,Double lane,Faded,Obstructed view,Damaged,Park Street,24.8108,93.9386
Kohima District Nagaland,Kohima,2010,1,Road accident,Highway intersection,Intersection,Human Error,Yes,Low,Head-on,Stop sign,Hilly,Service road,Concrete,Wet,Fair,Clear,Triple lane,Faded,Well-lit,Well-maintained,Ring Road,25.6751,94.1086
Imphal West Manipur,Imphal,2021,4,Road accident,Highway intersection,Curve,Human Error,Yes,Moderate,Side-impact,Stop sign,Urban road,Main road,Concrete,Wet,Potholes present,Foggy,Double lane,Clearly visible,Obstructed view,Well-maintained,Ring Road,24.8108,93.9386
Kamrup Metropoliton District Assam,Guwahati,2009,4,Road accident,Residential street,Intersection,Human Error,Yes,Critical,Side-impact,Traffic lights,Rural road,Secondary road,Gravel,Wet,Good,Rainy,Triple lane,Partially visible,Congested,Absent,National Highway 27,26.1158,91.7086
Kohima District Nagaland,Kohima,2003,3,Road accident,Market area,Bridge,Human Error,No,Critical,Rollover,No control,Curve,Service road,Gravel,Slippery,Good,Rainy,Divided,Not visible,Clear view,Well-maintained,Ring Road,25.6751,94.1086
Itanagar District,Itanagar,2018,3,Road accident,Highway intersection,Straight road,Human Error,Yes,Moderate,Head-on,Traffic lights,Urban road,Local road,Gravel,Wet,Potholes present,Windy,Single lane,Partially visible,Well-lit,Absent,National Highway 27,27.0844,93.6053
Imphal West Manipur,Imphal,2005,4,Road accident,Residential street,Tunnel,Human Error,No,High,Side-impact,No control,Straight,Local road,Concrete,Muddy,Potholes present,Rainy,Double lane,Faded,Poorly lit,Absent,MG Road,24.8108,93.9386
East Kashi Hills Meghalaya,Shillong,2022,3,Road accident,Market area,Tunnel,Human Error,No,Moderate,Rear-end,Stop sign,Urban road,Service road,Gravel,Wet,Good,Clear,Multiple lanes,Not visible,Well-lit,Damaged,Park Street,91.8933,91.8933
Kamrup Metropoliton District Assam,Guwahati,2012,3,Road accident,Near school,Curve,Human Error,Yes,High,Rollover,Stop sign,Urban road,Local road,Concrete,Wet,Fair,Foggy,Divided,Newly painted,Obstructed view,Well-maintained,State Highway 1,26.1158,91.7086
Imphal West Manipur,Imphal,2018,3,Road accident,Market area,Tunnel,Human Error,No,Moderate,Rear-end,No control,Straight,Secondary road,Asphalt,Wet,Good,Rainy,Multiple lanes,Partially visible,Well-lit,Under construction,MG Road,24.8108,93.9386
Gangtok District Sikim,Gangtok District Sikim,2021,1,Road accident,Commercial hub,Intersection,Human Error,Yes,Moderate,Rear-end,Traffic lights,Curve,Secondary road,Dirt,Muddy,Fair,Foggy,Triple lane,Not visible,Clear view,Absent,Park Street,27.3314,88.6138
Imphal West Manipur,Imphal,2021,1,Road accident,Commercial hub,Intersection,Human Error,No,Low,Rear-end,Stop sign,Flat,Highway,Concrete,Wet,Under construction,Windy,Multiple lanes,Not visible,Poorly lit,Absent,Park Street,24.8108,93.9386
Aizawl District Mizoram ,Aizawl,2010,1,Road accident,Near school,Tunnel,Human Error,Yes,Moderate,Side-impact,Traffic lights,Flat,Main road,Gravel,Wet,Fair,Foggy,Single lane,Not visible,Poorly lit,Damaged,MG Road,23.7307,92.7173
Gangtok District Sikim,Gangtok District Sikim,2012,3,Road accident,Commercial hub,Intersection,Human Error,Yes,High,Rollover,No control,Urban road,Secondary road,Concrete,Slippery,Good,Foggy,Multiple lanes,Not visible,Well-lit,Under construction,Park Street,27.3314,88.6138
Aizawl District Mizoram ,Aizawl,2004,1,Road accident,Market area,Intersection,Human Error,No,Low,Rear-end,Traffic lights,Flat,Service road,Concrete,Muddy,Poor,Rainy,Divided,Clearly visible,Clear view,Under construction,National Highway 27,23.7307,92.7173
Kamrup Metropoliton District Assam,Guwahati,2016,3,Road accident,Residential street,Tunnel,Human Error,Yes,High,Side-impact,Yield sign,Hilly,Main road,Concrete,Muddy,Potholes present,Rainy,Single lane,Newly painted,Poorly lit,Under construction,Park Street,26.1158,91.7086
Aizawl District Mizoram ,Aizawl,2018,4,Road accident,Near school,Curve,Human Error,Yes,Moderate,Head-on,Stop sign,Curve,Main road,Asphalt,Dry,Fair,Rainy,Single lane,Clearly visible,Clear view,Well-maintained,Ring Road,23.7307,92.7173
Aizawl District Mizoram ,Aizawl,2019,3,Road accident,Commercial hub,Curve,Human Error,Yes,Moderate,Rollover,Yield sign,Urban road,Secondary road,Cobblestone,Muddy,Fair,Foggy,Double lane,Clearly visible,Well-lit,Well-maintained,MG Road,23.7307,92.7173
Aizawl District Mizoram ,Aizawl,2004,2,Road accident,Market area,Intersection,Human Error,No,Low,Rear-end,No control,Curve,Highway,Dirt,Wet,Good,Foggy,Single lane,Newly painted,Obstructed view,Damaged,MG Road,23.7307,92.7173
Kamrup Metropoliton District Assam,Guwahati,2006,1,Road accident,Near school,Tunnel,Human Error,No,High,Rollover,No control,Urban road,Local road,Dirt,Slippery,Fair,Clear,Single lane,Partially visible,Congested,Well-maintained,Park Street,26.1158,91.7086
Kohima District Nagaland,Kohima,2001,2,Road accident,Market area,Curve,Human Error,Yes,Moderate,Rollover,Stop sign,Straight,Local road,Concrete,Wet,Poor,Rainy,Single lane,Faded,Clear view,Absent,Ring Road,25.6751,94.1086
Imphal West Manipur,Imphal,2013,1,Road accident,Residential street,Tunnel,Human Error,No,Moderate,Side-impact,Yield sign,Straight,Highway,Asphalt,Slippery,Good,Windy,Single lane,Partially visible,Well-lit,Absent,Ring Road,24.8108,93.9386
Aizawl District Mizoram ,Aizawl,2008,1,Road accident,Commercial hub,Intersection,Human Error,No,Critical,Head-on,Traffic lights,Curve,Local road,Cobblestone,Dry,Under construction,Rainy,Single lane,Clearly visible,Well-lit,Damaged,Park Street,23.7307,92.7173
Imphal West Manipur,Imphal,2011,3,Road accident,Commercial hub,Bridge,Human Error,No,High,Head-on,Stop sign,Curve,Secondary road,Concrete,Dry,Potholes present,Foggy,Triple lane,Newly painted,Clear view,Damaged,Ring Road,24.8108,93.9386
East Kashi Hills Meghalaya,Shillong,2005,2,Road accident,Residential street,Tunnel,Human Error,No,Critical,Side-impact,Yield sign,Straight,Secondary road,Dirt,Dry,Potholes present,Windy,Single lane,Clearly visible,Well-lit,Under construction,State Highway 1,91.8933,91.8933
Gangtok District Sikim,Gangtok District Sikim,2010,2,Road accident,Market area,Bridge,Human Error,No,High,Rear-end,Stop sign,Flat,Main road,Concrete,Muddy,Potholes present,Windy,Triple lane,Newly painted,Poorly lit,Present,Park Street,27.3314,88.6138
Imphal West Manipur,Imphal,2000,2,Road accident,Residential street,Bridge,Human Error,Yes,Low,Rear-end,Yield sign,Urban road,Local road,Cobblestone,Dry,Potholes present,Clear,Single lane,Clearly visible,Well-lit,Absent,State Highway 1,24.8108,93.9386
Kohima District Nagaland,Kohima,2013,1,Road accident,Commercial hub,Tunnel,Human Error,No,Critical,Head-on,No control,Rural road,Service road,Cobblestone,Wet,Under construction,Clear,Triple lane,Partially visible,Congested,Damaged,National Highway 27,25.6751,94.1086
Kamrup Metropoliton District Assam,Guwahati,2011,4,Road accident,Highway intersection,Bridge,Human Error,Yes,Moderate,Head-on,No control,Straight,Highway,Asphalt,Dry,Potholes present,Windy,Double lane,Clearly visible,Congested,Absent,National Highway 27,26.1158,91.7086
Kohima District Nagaland,Kohima,2014,1,Road accident,Near school,Tunnel,Human Error,Yes,High,Side-impact,Yield sign,Flat,Secondary road,Gravel,Dry,Fair,Foggy,Double lane,Clearly visible,Poorly lit,Absent,Park Street,25.6751,94.1086
Gangtok District Sikim,Gangtok District Sikim,2007,1,Road accident,Residential street,Straight road,Human Error,No,Moderate,Side-impact,Yield sign,Hilly,Service road,Gravel,Slippery,Potholes present,Rainy,Single lane,Newly painted,Well-lit,Damaged,Park Street,27.3314,88.6138
Itanagar District,Itanagar,2006,2,Road accident,Commercial hub,Straight road,Human Error,No,Moderate,Rear-end,Traffic lights,Straight,Secondary road,Cobblestone,Slippery,Potholes present,Rainy,Divided,Clearly visible,Congested,Absent,Park Street,27.0844,93.6053
Aizawl District Mizoram ,Aizawl,2004,1,Road accident,Near school,Tunnel,Human Error,Yes,High,Side-impact,Traffic lights,Hilly,Highway,Cobblestone,Dry,Poor,Windy,Double lane,Clearly visible,Poorly lit,Absent,Park Street,23.7307,92.7173
East Kashi Hills Meghalaya,Shillong,2007,1,Road accident,Highway intersection,Tunnel,Human Error,No,Critical,Side-impact,Traffic lights,Hilly,Highway,Asphalt,Slippery,Good,Rainy,Double lane,Not visible,Obstructed view,Under construction,Park Street,91.8933,91.8933
Imphal West Manipur,Imphal,2005,2,Road accident,Residential street,Straight road,Human Error,Yes,Moderate,Side-impact,Traffic lights,Hilly,Service road,Asphalt,Wet,Under construction,Rainy,Single lane,Newly painted,Well-lit,Under construction,Park Street,24.8108,93.9386
East Kashi Hills Meghalaya,Shillong,2006,3,Road accident,Commercial hub,Tunnel,Human Error,Yes,High,Rollover,Yield sign,Rural road,Local road,Cobblestone,Dry,Potholes present,Rainy,Double lane,Clearly visible,Well-lit,Damaged,State Highway 1,91.8933,91.8933
Aizawl District Mizoram ,Aizawl,2010,4,Road accident,Near school,Bridge,Human Error,No,Moderate,Head-on,Yield sign,Rural road,Local road,Concrete,Slippery,Poor,Rainy,Single lane,Faded,Well-lit,Damaged,National Highway 27,23.7307,92.7173
Kohima District Nagaland,Kohima,2021,2,Road accident,Highway intersection,Curve,Human Error,No,High,Rear-end,Yield sign,Hilly,Main road,Gravel,Slippery,Good,Windy,Double lane,Faded,Congested,Under construction,Park Street,25.6751,94.1086
Kamrup Metropoliton District Assam,Guwahati,2005,2,Road accident,Near school,Curve,Human Error,Yes,Critical,Side-impact,Yield sign,Curve,Main road,Concrete,Dry,Poor,Foggy,Divided,Partially visible,Well-lit,Under construction,State Highway 1,26.1158,91.7086
Itanagar District,Itanagar,2017,4,Road accident,Residential street,Straight road,Human Error,Yes,Low,Rear-end,No control,Curve,Service road,Dirt,Wet,Potholes present,Clear,Multiple lanes,Newly painted,Obstructed view,Present,National Highway 27,27.0844,93.6053
Itanagar District,Itanagar,2006,1,Road accident,Highway intersection,Curve,Human Error,Yes,High,Side-impact,Stop sign,Flat,Local road,Dirt,Slippery,Potholes present,Rainy,Divided,Faded,Obstructed view,Under construction,MG Road,27.0844,93.6053
Itanagar District,Itanagar,2015,2,Road accident,Near school,Straight road,Human Error,Yes,High,Side-impact,Yield sign,Urban road,Local road,Concrete,Dry,Poor,Foggy,Single lane,Not visible,Poorly lit,Under construction,MG Road,27.0844,93.6053
Gangtok District Sikim,Gangtok District Sikim,2015,4,Road accident,Near school,Tunnel,Human Error,No,Moderate,Rear-end,No control,Rural road,Highway,Asphalt,Wet,Under construction,Windy,Divided,Newly painted,Poorly lit,Damaged,State Highway 1,27.3314,88.6138
Gangtok District Sikim,Gangtok District Sikim,2008,4,Road accident,Residential street,Tunnel,Human Error,Yes,Low,Rear-end,No control,Urban road,Service road,Gravel,Slippery,Good,Rainy,Single lane,Faded,Poorly lit,Well-maintained,Ring Road,27.3314,88.6138
Itanagar District,Itanagar,2002,3,Road accident,Residential street,Curve,Human Error,Yes,High,Side-impact,Yield sign,Straight,Secondary road,Dirt,Dry,Poor,Windy,Double lane,Not visible,Poorly lit,Present,State Highway 1,27.0844,93.6053
East Kashi Hills Meghalaya,Shillong,2013,2,Road accident,Near school,Curve,Human Error,Yes,Critical,Head-on,Yield sign,Straight,Local road,Concrete,Dry,Potholes present,Clear,Triple lane,Faded,Well-lit,Damaged,National Highway 27,91.8933,91.8933