DISTRICT NAME,UNIT NAME, YEAR,VEHICLE_INVOLVED,ACCIDENT CLASIFICATION,ACCIDENT SPOT,ACCIDENT LOCATION,MAIN CAUSE,HIT-RUN,SEVERITY,COLLISION TYPE,JUNCTION CONTROL,ROAD CHARACTER,ROAD-TYPE,SURFACE-TYPE,SURFACE CONDITION,ROAD CONDITION,WEATHER,LANE-TYPE,ROAD MARKING,SPOT CONDITIONS,SIDE WALK,ACCIDENT-ROAD,Latitude ,Longitude
Itanagar District,Itanagar,2003,2,Road accident,Residential street,Bridge,Human Error,No,Low,Rollover,Yield sign,Urban road,Service road,Concrete,Wet,Fair,Clear,Double lane,Faded,Congested,Damaged,State Highway 1,27.0844,93.6053
Kohima District Nagaland,Kohima,2021,4,Road accident,Market area,Intersection,Human Error,Yes,Moderate,Head-on,No control,Urban road,Service road,Cobblestone,Wet,Under construction,Rainy,Triple lane,Clearly visible,Poorly lit,Well-maintained,National Highway 27,25.6751,94.1086
Itanagar District,Itanagar,2010,4,Road accident,Residential street,Tunnel,Human Error,No,Low,Rear-end,Yield sign,Rural road,Main road,Dirt,Muddy,Poor,Clear,Single lane,Clearly visible,Well-lit,Under construction,Ring Road,27.0844,93.6053
Aizawl District Mizoram ,Aizawl,2008,4,Road accident,Market area,Straight road,Human Error,No,High,Rollover,Traffic lights,Curve,Service road,Dirt,Wet,Poor,Windy,Multiple lanes,Newly painted,Well-lit,Well-maintained,National Highway 27,23.7307,92.7173
Aizawl District Mizoram ,Aizawl,2016,2,Road accident,Commercial hub,Tunnel,Human Error,No,Low,Rear-end,Stop sign,Flat,Highway,Asphalt,Slippery,Poor,Rainy,Double lane,Clearly visible,Congested,Present,State Highway 1,23.7307,92.7173
West Tripura,Agartala,2013,3,Road accident,Highway intersection,Curve,Human Error,Yes,Moderate,Rollover,Yield sign,Urban road,Local road,Dirt,Wet,Potholes present,Clear,Triple lane,Faded,Well-lit,Well-maintained,Park Street,Agartala,Agartala
Itanagar District,Itanagar,2007,4,Road accident,Near school,Intersection,Human Error,No,High,Head-on,No control,Curve,Secondary road,Dirt,Dry,Poor,Windy,Double lane,Clearly visible,Obstructed view,Under construction,Park Street,27.0844,93.6053
Kohima District Nagaland,Kohima,2021,3,Road accident,Near school,Bridge,Human Error,No,Moderate,Side-impact,No control,Rural road,Highway,Gravel,Slippery,Under construction,Rainy,Multiple lanes,Partially visible,Poorly lit,Damaged,Park Street,25.6751,94.1086
Aizawl District Mizoram ,Aizawl,2000,3,Road accident,Highway intersection,Straight road,Human Error,Yes,High,Rear-end,Stop sign,Straight,Service road,Asphalt,Muddy,Fair,Rainy,Single lane,Not visible,Poorly lit,Absent,Ring Road,23.7307,92.7173
Itanagar District,Itanagar,2020,3,Road accident,Commercial hub,Bridge,Human Error,Yes,Critical,Side-impact,Stop sign,Straight,Main road,Concrete,Dry,Poor,Windy,Multiple lanes,Newly painted,Obstructed view,Under construction,Park Street,27.0844,93.6053
East Kashi Hills Meghalaya,Shillong,2020,4,Road accident,Near school,Straight road,Human Error,Yes,High,Rollover,Yield sign,Flat,Local road,Dirt,Slippery,Good,Rainy,Divided,Faded,Well-lit,Present,MG Road,91.8933,91.8933
Kamrup Metropoliton District Assam,Guwahati,2021,4,Road accident,Near school,Tunnel,Human Error,No,High,Rear-end,Traffic lights,Straight,Service road,Asphalt,Dry,Good,Foggy,Multiple lanes,Clearly visible,Well-lit,Present,Ring Road,26.1158,91.7086
Imphal West Manipur,Imphal,2008,3,Road accident,Residential street,Tunnel,Human Error,Yes,Low,Head-on,Yield sign,Straight,Highway,Dirt,Wet,Poor,Clear,Divided,Faded,Well-lit,Under construction,National Highway 27,24.8108,93.9386
Gangtok District Sikim,Gangtok District Sikim,2021,2,Road accident,Highway intersection,Bridge,Human Error,Yes,Low,Side-impact,Stop sign,Hilly,Main road,Concrete,Muddy,Poor,Foggy,Single lane,Partially visible,Poorly lit,Absent,Park Street,27.3314,88.6138
Gangtok District Sikim,Gangtok District Sikim,2001,2,Road accident,Market area,Curve,Human Error,No,Low,Rear-end,Stop sign,Flat,Service road,Gravel,Dry,Potholes present,Rainy,Divided,Clearly visible,Congested,Under construction,MG Road,27.3314,88.6138
Aizawl District Mizoram ,Aizawl,2010,1,Road accident,Residential street,Tunnel,Human Error,Yes,Moderate,Side-impact,Stop sign,Rural road,Highway,Cobblestone,Wet,Potholes present,Windy,Triple lane,Not visible,Obstructed view,Well-maintained,MG Road,23.7307,92.7173
East Kashi Hills Meghalaya,Shillong,2021,2,Road accident,Residential street,Curve,Human Error,No,High,Rollover,Traffic lights,Hilly,Main road,Concrete,Muddy,Fair,Foggy,Triple lane,Partially visible,Poorly lit,Damaged,MG Road,91.8933,91.8933
Imphal West Manipur,Imphal,2019,3,Road accident,Commercial hub,Straight road,Human Error,Yes,Moderate,Head-on,No control,Curve,Main road,Gravel,Dry,Under construction,Clear,Triple lane,Not visible,Well-lit,Damaged,Park Street,24.8108,93.9386
Imphal West Manipur,Imphal,2010,4,Road accident,Commercial hub,Bridge,Human Error,No,Low,Side-impact,Traffic lights,Curve,Service road,Concrete,Slippery,Poor,Rainy,Double lane,Not visible,Clear view,Present,Ring Road,24.8108,93.9386
East Kashi Hills Meghalaya,Shillong,2006,2,Road accident,Market area,Tunnel,Human Error,No,Low,Side-impact,Stop sign,Hilly,Local road,Asphalt,Muddy,Under construction,Windy,Triple lane,Clearly visible,Clear view,Damaged,National Highway 27,91.8933,91.8933
Itanagar District,Itanagar,2016,2,Road accident,Market area,Curve,Human Error,No,Critical,Head-on,Traffic lights,Urban road,Local road,Concrete,Wet,Potholes present,Rainy,Multiple lanes,Faded,Clear view,Under construction,Park Street,27.0844,93.6053
East Kashi Hills Meghalaya,Shillong,2010,3,Road accident,Residential street,Curve,Human Error,No,Moderate,Side-impact,Yield sign,Curve,Highway,Gravel,Wet,Fair,Rainy,Divided,Partially visible,Clear view,Well-maintained,MG Road,91.8933,91.8933
Aizawl District Mizoram ,Aizawl,2007,2,Road accident,Market area,Bridge,Human Error,Yes,High,Side-impact,Traffic lights,Flat,Service road,Dirt,Slippery,Poor,Clear,Single lane,Partially visible,Well-lit,Present,State Highway 1,23.7307,92.7173
Itanagar District,Itanagar,2014,2,Road accident,Residential street,Straight road,Human Error,No,High,Side-impact,No control,Rural road,Local road,Gravel,Slippery,Potholes present,Rainy,Triple lane,Faded,Congested,Under construction,State Highway 1,27.0844,93.6053
Kamrup Metropoliton District Assam,Guwahati,2017,4,Road accident,Near school,Tunnel,Human Error,No,Low,Rear-end,Traffic lights,Urban road,Highway,Concrete,Dry,Good,Clear,Multiple lanes,Newly painted,Poorly lit,Present,State Highway 1,26.1158,91.7086
Kohima District Nagaland,Kohima,2016,4,Road accident,Market area,Intersection,Human Error,Yes,High,Rollover,Yield sign,Hilly,Secondary road,Dirt,Slippery,Good,Clear,Single lane,Not visible,Congested,Under construction,Park Street,25.6751,94.1086
Kohima District Nagaland,Kohima,2019,1,Road accident,Commercial hub,Intersection,Human Error,Yes,Low,Rear-end,No control,Curve,Main road,Gravel,Muddy,Fair,Windy,Triple lane,Faded,Well-lit,Damaged,MG Road,25.6751,94.1086
Gangtok District Sikim,Gangtok District Sikim,2003,2,Road accident,Market area,Curve,Human Error,No,Critical,Side-impact,No control,Hilly,Highway,Asphalt,Wet,Under construction,Windy,Double lane,Newly painted,Poorly lit,Present,National Highway 27,27.3314,88.6138
Aizawl District Mizoram ,Aizawl,2003,1,Road accident,Near school,Bridge,Human Error,Yes,Moderate,Rear-end,Traffic lights,Flat,Service road,Dirt,Muddy,Fair,Rainy,Multiple lanes,Clearly visible,Obstructed view,Under construction,National Highway 27,23.7307,92.7173
Imphal West Manipur,Imphal,2019,4,Road accident,Commercial hub,Straight road,Human Error,No,Critical,Rollover,No control,Straight,Highway,Cobblestone,Slippery,Good,Rainy,Multiple lanes,Not visible,Obstructed view,Well-maintained,Ring Road,24.8108,93.9386
Kamrup Metropoliton District Assam,Guwahati,2006,2,Road accident,Market area,Tunnel,Human Error,No,Moderate,Rollover,Stop sign,Urban road,Service road,Dirt,Wet,Good,Windy,Divided,Clearly visible,Congested,Present,Park Street,26.1158,91.7086
Kohima District Nagaland,Kohima,2015,3,Road accident,Residential street,Curve,Human Error,No,Critical,Rear-end,No control,Rural road,Secondary road,Dirt,Slippery,Under construction,Rainy,Triple lane,Partially visible,Obstructed view,Present,Park Street,25.6751,94.1086
Aizawl District Mizoram ,Aizawl,2002,4,Road accident,Market area,Straight road,Human Error,No,High,Head-on,Stop sign,Straight,Local road,Gravel,Muddy,Under construction,Clear,Divided,Not visible,Poorly lit,Absent,MG Road,23.7307,92.7173
Itanagar District,Itanagar,2006,2,Road accident,Commercial hub,Intersection,Human Error,No,Low,Rollover,Traffic lights,Urban road,Secondary road,Gravel,Slippery,Potholes present,Foggy,Divided,Not visible,Congested,Well-maintained,Ring Road,27.0844,93.6053
Gangtok District Sikim,Gangtok District Sikim,2010,3,Road accident,Commercial hub,Intersection,Human Error,No,Moderate,Rear-end,No control,Curve,Local road,Cobblestone,Dry,Good,Foggy,Divided,Clearly visible,Obstructed view,Damaged,MG Road,27.3314,88.6138
Kohima District Nagaland,Kohima,2003,1,Road accident,Market area,Straight road,Human Error,Yes,Low,Rear-end,No control,Rural road,Secondary road,Gravel,Dry,Potholes present,Rainy,Triple lane,Partially visible,Obstructed view,Well-maintained,State Highway 1,25.6751,94.1086
Gangtok District Sikim,Gangtok District Sikim,2006,2,Road accident,Commercial hub,Tunnel,Human Error,No,Moderate,Rear-end,Yield sign,Urban road,Service road,Dirt,Slippery,Poor,Foggy,Single lane,Faded,Poorly lit,Under construction,MG Road,27.3314,88.6138
Imphal West Manipur,Imphal,2020,3,Road accident,Commercial hub,Bridge,Human Error,No,Critical,Rollover,Traffic lights,Hilly,Secondary road,Cobblestone,Muddy,Under construction,Windy,Divided,Newly painted,Obstructed view,Present,Ring Road,24.8108,93.9386
Kohima District Nagaland,Kohima,2016,2,Road accident,Market area,Bridge,Human Error,Yes,Critical,Side-impact,No control,Flat,Local road,Gravel,Slippery,Fair,Rainy,Multiple lanes,Clearly visible,Well-lit,Damaged,Park Street,25.6751,94.1086
Aizawl District Mizoram ,Aizawl,2011,2,Road accident,Market area,Intersection,Human Error,No,Low,Rollover,Traffic lights,Straight,Highway,Concrete,Wet,Fair,Rainy,Multiple lanes,Faded,Well-lit,Present,State Highway 1,23.7307,92.7173
Gangtok District Sikim,Gangtok District Sikim,2020,3,Road accident,Highway intersection,Intersection,Human Error,No,High,Head-on,Traffic lights,Flat,Main road,Concrete,Wet,Poor,Rainy,Single lane,Faded,Well-lit,Under construction,Ring Road,27.3314,88.6138
East Kashi Hills Meghalaya,Shillong,2011,3,Road accident,Near school,Intersection,Human Error,No,Low,Side-impact,Stop sign,Rural road,Secondary road,Dirt,Muddy,Potholes present,Rainy,Divided,Partially visible,Poorly lit,Damaged,Ring Road,91.8933,91.8933
Itanagar District,Itanagar,2009,4,Road accident,Market area,Tunnel,Human Error,No,Critical,Head-on,Yield sign,Rural road,Highway,Dirt,Slippery,Under construction,Rainy,Triple lane,Clearly visible,Congested,Absent,MG Road,27.0844,93.6053
Kohima District Nagaland,Kohima,2008,3,Road accident,Highway intersection,Tunnel,Human Error,Yes,Critical,Rollover,Yield sign,Rural road,Service road,Gravel,Dry,Under construction,Foggy,Divided,Partially visible,Poorly lit,Absent,Ring Road,25.6751,94.1086
Kohima District Nagaland,Kohima,2019,3,Road accident,Commercial hub,Tunnel,Human Error,No,High,Head-on,Yield sign,Curve,Secondary road,Cobblestone,Muddy,Poor,Windy,Double lane,Partially visible,Poorly lit,Absent,National Highway 27,25.6751,94.1086
Gangtok District Sikim,Gangtok District Sikim,2003,2,Road accident,Commercial hub,Bridge,Human Error,Yes,Moderate,Rear-end,No control,Flat,Service road,Asphalt,Wet,Potholes present,Foggy,Double lane,Partially visible,Well-lit,Present,Ring Road,27.3314,88.6138
Kamrup Metropoliton District Assam,Guwahati,2001,1,Road accident,Residential street,Bridge,Human Error,Yes,Critical,Side-impact,Traffic lights,Curve,Highway,Cobblestone,Dry,Poor,Windy,Divided,Partially visible,Poorly lit,Absent,State Highway 1,26.1158,91.7086
East Kashi Hills Meghalaya,Shillong,2016,3,Road accident,Near school,Tunnel,Human Error,Yes,Low,Head-on,Yield sign,Straight,Main road,Gravel,Wet,Potholes present,Rainy,Double lane,Faded,Obstructed view,Present,Park Street,91.8933,91.8933
Itanagar District,Itanagar,2007,3,Road accident,Highway intersection,Bridge,Human Error,Yes,Critical,Rollover,Traffic lights,Hilly,Highway,Concrete,Slippery,Fair,Clear,Triple lane,Newly painted,Poorly lit,Damaged,National Highway 27,27.0844,93.6053
Itanagar District,Itanagar,2011,3,Road accident,Near school,Tunnel,Human Error,Yes,High,Side-impact,Yield sign,Straight,Highway,Concrete,Slippery,Good,Clear,Single lane,Clearly visible,Poorly lit,Absent,National Highway 27,27.0844,93.6053
East Kashi Hills Meghalaya,Shillong,2003,2,Road accident,Commercial hub,Tunnel,Human Error,Yes,Critical,Rollover,No control,Flat,Secondary road,Cobblestone,Slippery,Potholes present,Foggy,Divided,Newly painted,Clear view,Absent,MG Road,91.8933,91.8933
Aizawl District Mizoram ,Aizawl,2004,2,Road accident,Commercial hub,Intersection,Human Error,Yes,Critical,Side-impact,No control,Hilly,Highway,Dirt,Muddy,Good,Foggy,Multiple lanes,Clearly visible,Obstructed view,Well-maintained,State Highway 1,23.7307,92.7173
Aizawl District Mizoram ,Aizawl,2012,3,Road accident,Commercial hub,Curve,Human Error,No,Low,Head-on,No control,Curve,Service road,Dirt,Muddy,Good,Windy,Single lane,Partially visible,Clear view,Absent,National Highway 27,23.7307,92.7173
Itanagar District,Itanagar,2016,3,Road accident,Market area,Intersection,Human Error,Yes,Critical,Rear-end,Traffic lights,Straight,Local road,Gravel,Slippery,Good,Windy,Multiple lanes,Newly painted,Well-lit,Under construction,Park Street,27.0844,93.6053
Aizawl District Mizoram ,Aizawl,2007,3,Road accident,Near school,Tunnel,Human Error,Yes,Low,Rollover,Traffic lights,Flat,Highway,Gravel,Muddy,Under construction,Rainy,Single lane,Not visible,Well-lit,Damaged,State Highway 1,23.7307,92.7173
Imphal West Manipur,Imphal,2019,4,Road accident,Highway intersection,Intersection,Human Error,No,Low,Rollover,No control,Rural road,Secondary road,Concrete,Slippery,Poor,Foggy,Multiple lanes,Newly painted,Well-lit,Absent,Park Street,24.8108,93.9386
Kohima District Nagaland,Kohima,2006,2,Road accident,Commercial hub,Tunnel,Human Error,Yes,Low,Head-on,Stop sign,Hilly,Highway,Concrete,Slippery,Poor,Rainy,Triple lane,Clearly visible,Obstructed view,Damaged,Ring Road,25.6751,94.1086
Kamrup Metropoliton District Assam,Guwahati,2020,2,Road accident,Highway intersection,Curve,Human Error,No,High,Rear-end,Stop sign,Rural road,Highway,Cobblestone,Wet,Potholes present,Clear,Multiple lanes,Not visible,Well-lit,Well-maintained,MG Road,26.1158,91.7086
Imphal West Manipur,Imphal,2009,2,Road accident,Near school,Tunnel,Human Error,No,Low,Head-on,Yield sign,Hilly,Service road,Gravel,Slippery,Good,Rainy,Divided,Not visible,Poorly lit,Well-maintained,Ring Road,24.8108,93.9386
Kohima District Nagaland,Kohima,2007,4,Road accident,Market area,Bridge,Human Error,Yes,Low,Head-on,Traffic lights,Urban road,Secondary road,Cobblestone,Slippery,Fair,Windy,Multiple lanes,Not visible,Poorly lit,Damaged,Park Street,25.6751,94.1086
Kamrup Metropoliton District Assam,Guwahati,2021,3,Road accident,Near school,Curve,Human Error,No,High,Rear-end,No control,Hilly,Highway,Concrete,Slippery,Poor,Foggy,Double lane,Clearly visible,Clear view,Under construction,National Highway 27,26.1158,91.7086
Imphal West Manipur,Imphal,2019,3,Road accident,Near school,Straight road,Human Error,No,Moderate,Rollover,Yield sign,Straight,Highway,Asphalt,Slippery,Good,Windy,Single lane,Not visible,Congested,Damaged,State Highway 1,24.8108,93.9386
East Kashi Hills Meghalaya,Shillong,2008,3,Road accident,Market area,Straight road,Human Error,Yes,Critical,Rollover,Yield sign,Hilly,Service road,Asphalt,Wet,Potholes present,Rainy,Double lane,Newly painted,Clear view,Under construction,National Highway 27,91.8933,91.8933
Kamrup Metropoliton District Assam,Guwahati,2020,2,Road accident,Residential street,Curve,Human Error,Yes,Low,Head-on,Traffic lights,Rural road,Service road,Asphalt,Dry,Good,Foggy,Multiple lanes,Newly painted,Obstructed view,Under construction,Park Street,26.1158,91.7086
Kamrup Metropoliton District Assam,Guwahati,2021,1,Road accident,Highway intersection,Tunnel,Human Error,Yes,Critical,Rollover,Traffic lights,Hilly,Local road,Dirt,Wet,Fair,Foggy,Single lane,Not visible,Clear view,Under construction,National Highway 27,26.1158,91.7086
Kamrup Metropoliton District Assam,Guwahati,2018,2,Road accident,Commercial hub,Bridge,Human Error,No,Low,Head-on,Traffic lights,Curve,Service road,Concrete,Muddy,Fair,Clear,Multiple lanes,Partially visible,Clear view,Absent,MG Road,26.1158,91.7086
Gangtok District Sikim,Gangtok District Sikim,2018,4,Road accident,Near school,Straight road,Human Error,No,High,Rear-end,Yield sign,Hilly,Secondary road,Cobblestone,Dry,Fair,Rainy,Double lane,Clearly visible,Congested,Under construction,Park Street,27.3314,88.6138
Kohima District Nagaland,Kohima,2004,1,Road accident,Near school,Curve,Human Error,Yes,Moderate,Rear-end,Traffic lights,Flat,Local road,Asphalt,Wet,Good,Foggy,Multiple lanes,Faded,Obstructed view,Under construction,Park Street,25.6751,94.1086
Kamrup Metropoliton District Assam,Guwahati,2005,4,Road accident,Market area,Intersection,Human Error,No,High,Head-on,No control,Hilly,Highway,Gravel,Wet,Potholes present,Clear,Triple lane,Newly painted,Well-lit,Present,Ring Road,26.1158,91.7086
Imphal West Manipur,Imphal,2021,3,Road accident,Market area,Straight road,Human Error,Yes,Moderate,Rollover,Yield sign,Rural road,Local road,Cobblestone,Slippery,Good,Windy,Triple lane,Newly painted,Well-lit,Present,Park Street,24.8108,93.9386
Itanagar District,Itanagar,2021,1,Road accident,Near school,Straight road,Human Error,Yes,Critical,Rear-end,Stop sign,Curve,Local road,Dirt,Wet,Fair,Rainy,Double lane,Clearly visible,Clear view,Absent,National Highway 27,27.0844,93.6053
Imphal West Manipur,Imphal,2015,3,Road accident,Market area,Intersection,Human Error,Yes,Low,Rear-end,Stop sign,Hilly,Service road,Cobblestone,Dry,Poor,Windy,Divided,Clearly visible,Obstructed view,Absent,State Highway 1,24.8108,93.9386
Kohima District Nagaland,Kohima,2011,3,Road accident,Residential street,Curve,Human Error,Yes,Low,Rear-end,Stop sign,Straight,Service road,Asphalt,Dry,Poor,Windy,Single lane,Not visible,Obstructed view,Damaged,State Highway 1,25.6751,94.1086
Itanagar District,Itanagar,2015,4,Road accident,Highway intersection,Bridge,Human Error,Yes,Low,Rollover,Stop sign,Curve,Main road,Concrete,Wet,Good,Foggy,Multiple lanes,Clearly visible,Obstructed view,Absent,State Highway 1,27.0844,93.6053
Imphal West Manipur,Imphal,2018,3,Road accident,Commercial hub,Intersection,Human Error,Yes,Low,Rollover,No control,Urban road,Service road,Gravel,Muddy,Under construction,Foggy,Multiple lanes,Partially visible,Well-lit,Under construction,MG Road,24.8108,93.9386
Gangtok District Sikim,Gangtok District Sikim,2011,2,Road accident,Near school,Curve,Human Error,Yes,Moderate,Rear-end,Yield sign,Rural road,Highway,Gravel,Muddy,Fair,Windy,Single lane,Not visible,Clear view,Well-maintained,State Highway 1,27.3314,88.6138
Kohima District Nagaland,Kohima,2021,2,Road accident,Residential street,Straight road,Human Error,No,Critical,Rear-end,Stop sign,Flat,Main road,Asphalt,Wet,Fair,Clear,Divided,Newly painted,Congested,Well-maintained,Ring Road,25.6751,94.1086
Aizawl District Mizoram ,Aizawl,2021,2,Road accident,Market area,Bridge,Human Error,No,Critical,Rear-end,No control,Curve,Highway,Dirt,Muddy,Potholes present,Rainy,Double lane,Faded,Clear view,Absent,Ring Road,23.7307,92.7173
Kohima District Nagaland,Kohima,2011,2,Road accident,Highway intersection,Intersection,Human Error,Yes,Moderate,Head-on,Yield sign,Curve,Main road,Gravel,Wet,Potholes present,Foggy,Divided,Clearly visible,Obstructed view,Present,Park Street,25.6751,94.1086
Kamrup Metropoliton District Assam,Guwahati,2009,4,Road accident,Commercial hub,Curve,Human Error,No,Low,Side-impact,Stop sign,Rural road,Local road,Cobblestone,Muddy,Potholes present,Clear,Double lane,Not visible,Poorly lit,Well-maintained,MG Road,26.1158,91.7086
Kamrup Metropoliton District Assam,Guwahati,2008,4,Road accident,Commercial hub,Tunnel,Human Error,No,High,Rollover,Yield sign,Urban road,Highway,Cobblestone,Wet,Fair,Rainy,Multiple lanes,Faded,Obstructed view,Damaged,Ring Road,26.1158,91.7086
Imphal West Manipur,Imphal,2016,1,Road accident,Near school,Straight road,Human Error,Yes,Low,Rear-end,Stop sign,Urban road,Secondary road,Concrete,Dry,Poor,Foggy,Divided,Clearly visible,Well-lit,Well-maintained,Ring Road,24.8108,93.9386
Kohima District Nagaland,Kohima,2004,4,Road accident,Market area,Curve,Human Error,Yes,High,Rollover,Stop sign,Rural road,Highway,Gravel,Wet,Fair,Clear,Divided,Not visible,Clear view,Under construction,Park Street,25.6751,94.1086
East Kashi Hills Meghalaya,Shillong,2009,4,Road accident,Residential street,Intersection,Human Error,Yes,High,Rear-end,Traffic lights,Curve,Secondary road,Asphalt,Wet,Under construction,Rainy,Divided,Clearly visible,Well-lit,Well-maintained,Park Street,91.8933,91.8933
Kamrup Metropoliton District Assam,Guwahati,2003,3,Road accident,Residential street,Straight road,Human Error,No,High,Side-impact,Yield sign,Straight,Local road,Cobblestone,Wet,Under construction,Rainy,Double lane,Clearly visible,Well-lit,Damaged,National Highway 27,26.1158,91.7086
Gangtok District Sikim,Gangtok District Sikim,2010,2,Road accident,Near school,Curve,Human Error,No,High,Rear-end,Stop sign,Curve,Service road,Concrete,Dry,Fair,Windy,Divided,Not visible,Clear view,Well-maintained,National Highway 27,27.3314,88.6138
Aizawl District Mizoram ,Aizawl,2009,3,Road accident,Market area,Straight road,Human Error,Yes,Critical,Rollover,Stop sign,Curve,Secondary road,Concrete,Muddy,Potholes present,Clear,Triple lane,Not visible,Obstructed view,Well-maintained,Ring Road,23.7307,92.7173
Aizawl District Mizoram ,Aizawl,2020,4,Road accident,Near school,Straight road,Human Error,Yes,Critical,Head-on,Traffic lights,Rural road,Main road,Cobblestone,Wet,Poor,Windy,Triple lane,Partially visible,Well-lit,Well-maintained,Park Street,23.7307,92.7173
Kohima District Nagaland,Kohima,2008,2,Road accident,Residential street,Straight road,Human Error,Yes,Low,Side-impact,No control,Straight,Local road,Asphalt,Slippery,Fair,Clear,Double lane,Clearly visible,Obstructed view,Present,National Highway 27,25.6751,94.1086
Kamrup Metropoliton District Assam,Guwahati,2002,3,Road accident,Market area,Bridge,Human Error,No,Critical,Rear-end,Stop sign,Straight,Local road,Gravel,Wet,Poor,Windy,Multiple lanes,Newly painted,Poorly lit,Damaged,Ring Road,26.1158,91.7086
East Kashi Hills Meghalaya,Shillong,2017,1,Road accident,Residential street,Tunnel,Human Error,Yes,High,Side-impact,Stop sign,Rural road,Highway,Dirt,Dry,Fair,Foggy,Single lane,Newly painted,Obstructed view,Absent,Park Street,91.8933,91.8933
Imphal West Manipur,Imphal,2011,3,Road accident,Near school,Tunnel,Human Error,Yes,Low,Side-impact,Traffic lights,Curve,Service road,Cobblestone,Wet,Under construction,Windy,Triple lane,Partially visible,Obstructed view,Present,Park Street,24.8108,93.9386
Gangtok District Sikim,Gangtok District Sikim,2004,1,Road accident,Commercial hub,Straight road,Human Error,Yes,Critical,Head-on,No control,Urban road,Highway,Concrete,Wet,Fair,Foggy,Double lane,Not visible,Obstructed view,Damaged,Ring Road,27.3314,88.6138
Aizawl District Mizoram ,Aizawl,2004,4,Road accident,Highway intersection,Curve,Human Error,Yes,Low,Rollover,No control,Flat,Local road,Dirt,Wet,Fair,Clear,Divided,Partially visible,Obstructed view,Under construction,Park Street,23.7307,92.7173
Aizawl District Mizoram ,Aizawl,2019,3,Road accident,Residential street,Tunnel,Human Error,No,High,Rollover,Stop sign,Flat,Main road,Asphalt,Muddy,Fair,Rainy,Triple lane,Partially visible,Clear view,Damaged,Park Street,23.7307,92.7173
Gangtok District Sikim,Gangtok District Sikim,2001,2,Road accident,Residential street,Intersection,Human Error,No,High,Rollover,Yield sign,Curve,Highway,Concrete,Wet,Good,Rainy,Double lane,Not visible,Obstructed view,Under construction,Park Street,27.3314,88.6138
East Kashi Hills Meghalaya,Shillong,2013,3,Road accident,Highway intersection,Tunnel,Human Error,Yes,Low,Rear-end,Stop sign,Rural road,Main road,Gravel,Slippery,Poor,Windy,Multiple lanes,Clearly visible,Clear view,Absent,State Highway 1,91.8933,91.8933
Gangtok District Sikim,Gangtok District Sikim,2018,3,Road accident,Highway intersection,Intersection,Human Error,Yes,Moderate,Head-on,Yield sign,Straight,Secondary road,Asphalt,Muddy,Potholes present,Rainy,Single lane,Faded,Clear view,Damaged,National Highway 27,27.3314,88.6138
East Kashi Hills Meghalaya,Shillong,2019,3,Road accident,Near school,Tunnel,Human Error,Yes,Critical,Side-impact,Traffic lights,Rural road,Main road,Concrete,Muddy,Poor,Foggy,Single lane,Newly painted,Congested,Under construction,MG Road,91.8933,91.8933
Kamrup Metropoliton District Assam,Guwahati,2001,2,Road accident,Market area,Curve,Human Error,Yes,High,Rollover,Stop sign,Flat,Local road,Cobblestone,Wet,Potholes present,Rainy,Triple lane,Partially visible,Obstructed view,Well-maintained,Ring Road,26.1158,91.7086