DISTRICT NAME,UNIT NAME, YEAR,VEHICLE_INVOLVED,ACCIDENT CLASIFICATION,ACCIDENT SPOT,ACCIDENT LOCATION,MAIN CAUSE,HIT-RUN,SEVERITY,COLLISION TYPE,JUNCTION CONTROL,ROAD CHARACTER,ROAD-TYPE,SURFACE-TYPE,SURFACE CONDITION,ROAD CONDITION,WEATHER,LANE-TYPE,ROAD MARKING,SPOT CONDITIONS,SIDE WALK,ACCIDENT-ROAD,Latitude ,Longitude
Gangtok District Sikim,Gangtok District Sikim,2013,3,Road accident,Near school,Bridge,Human Error,Yes,Critical,Head-on,Yield sign,Flat,Local road,Cobblestone,Wet,Potholes present,Rainy,Single lane,Not visible,Clear view,Damaged,Park Street,27.3314,88.6138
East Kashi Hills Meghalaya,Shillong,2005,1,Road accident,Highway intersection,Bridge,Human Error,No,Moderate,Rear-end,Yield sign,Straight,Main road,Gravel,Slippery,Poor,Windy,Multiple lanes,Partially visible,Clear view,Absent,MG Road,91.8933,91.8933
Aizawl District Mizoram ,Aizawl,2009,2,Road accident,Highway intersection,Straight road,Human Error,Yes,Low,Head-on,Yield sign,Urban road,Secondary road,Concrete,Dry,Potholes present,Windy,Triple lane,Newly painted,Well-lit,Under construction,Ring Road,23.7307,92.7173
Gangtok District Sikim,Gangtok District Sikim,2021,1,Road accident,Highway intersection,Bridge,Human Error,No,High,Rear-end,No control,Rural road,Local road,Cobblestone,Wet,Good,Rainy,Multiple lanes,Clearly visible,Obstructed view,Under construction,National Highway 27,27.3314,88.6138
Gangtok District Sikim,Gangtok District Sikim,2016,2,Road accident,Commercial hub,Bridge,Human Error,No,Moderate,Head-on,Traffic lights,Hilly,Highway,Gravel,Wet,Under construction,Windy,Single lane,Not visible,Obstructed view,Well-maintained,Ring Road,27.3314,88.6138
Kohima District Nagaland,Kohima,2014,1,Road accident,Commercial hub,Tunnel,Human Error,Yes,High,Head-on,Stop sign,Straight,Highway,Cobblestone,Slippery,Potholes present,Windy,Divided,Faded,Clear view,Present,National Highway 27,25.6751,94.1086
Itanagar District,Itanagar,2010,4,Road accident,Commercial hub,Tunnel,Human Error,No,Critical,Rear-end,Yield sign,Rural road,Secondary road,Concrete,Muddy,Potholes present,Clear,Double lane,Not visible,Obstructed view,Well-maintained,Ring Road,27.0844,93.6053
Imphal West Manipur,Imphal,2006,2,Road accident,Residential street,Straight road,Human Error,No,Low,Side-impact,No control,Rural road,Secondary road,Cobblestone,Wet,Under construction,Rainy,Triple lane,Partially visible,Poorly lit,Present,Park Street,24.8108,93.9386
East Kashi Hills Meghalaya,Shillong,2011,3,Road accident,Highway intersection,Bridge,Human Error,Yes,Moderate,Rear-end,No control,Hilly,Service road,Cobblestone,Wet,Potholes present,Rainy,Multiple lanes,Faded,Obstructed view,Under construction,National Highway 27,91.8933,91.8933
Kamrup Metropoliton District Assam,Guwahati,2018,1,Road accident,Commercial hub,Bridge,Human Error,No,Critical,Head-on,Yield sign,Hilly,Local road,Asphalt,Slippery,Poor,Rainy,Double lane,Partially visible,Congested,Absent,State Highway 1,26.1158,91.7086
Aizawl District Mizoram ,Aizawl,2001,4,Road accident,Highway intersection,Curve,Human Error,Yes,Low,Rollover,Yield sign,Hilly,Service road,Gravel,Slippery,Under construction,Rainy,Double lane,Partially visible,Clear view,Damaged,Ring Road,23.7307,92.7173
Aizawl District Mizoram ,Aizawl,2001,2,Road accident,Residential street,Intersection,Human Error,Yes,Moderate,Rear-end,Yield sign,Straight,Service road,Cobblestone,Wet,Poor,Foggy,Single lane,Newly painted,Well-lit,Present,MG Road,23.7307,92.7173
Gangtok District Sikim,Gangtok District Sikim,2000,1,Road accident,Market area,Intersection,Human Error,Yes,Low,Side-impact,Yield sign,Urban road,Main road,Dirt,Slippery,Good,Foggy,Divided,Faded,Obstructed view,Damaged,National Highway 27,27.3314,88.6138
Imphal West Manipur,Imphal,2006,1,Road accident,Near school,Bridge,Human Error,Yes,High,Rear-end,Stop sign,Curve,Secondary road,Asphalt,Muddy,Poor,Rainy,Double lane,Partially visible,Well-lit,Well-maintained,National Highway 27,24.8108,93.9386
Kamrup Metropoliton District Assam,Guwahati,2006,3,Road accident,Highway intersection,Intersection,Human Error,Yes,Critical,Rear-end,Yield sign,Straight,Secondary road,Cobblestone,Muddy,Potholes present,Windy,Divided,Faded,Congested,Present,Ring Road,26.1158,91.7086
East Kashi Hills Meghalaya,Shillong,2007,2,Road accident,Commercial hub,Tunnel,Human Error,Yes,High,Side-impact,Traffic lights,Straight,Service road,Concrete,Wet,Under construction,Foggy,Double lane,Newly painted,Well-lit,Damaged,MG Road,91.8933,91.8933
Itanagar District,Itanagar,2013,3,Road accident,Highway intersection,Curve,Human Error,Yes,Moderate,Rollover,Stop sign,Curve,Highway,Concrete,Wet,Good,Rainy,Divided,Not visible,Clear view,Present,Ring Road,27.0844,93.6053
East Kashi Hills Meghalaya,Shillong,2011,4,Road accident,Residential street,Intersection,Human Error,No,Critical,Head-on,Stop sign,Rural road,Local road,Asphalt,Dry,Poor,Rainy,Divided,Clearly visible,Well-lit,Damaged,State Highway 1,91.8933,91.8933
East Kashi Hills Meghalaya,Shillong,2019,1,Road accident,Highway intersection,Straight road,Human Error,Yes,High,Rollover,Yield sign,Flat,Local road,Dirt,Wet,Good,Rainy,Single lane,Newly painted,Poorly lit,Well-maintained,Park Street,91.8933,91.8933
Itanagar District,Itanagar,2015,3,Road accident,Market area,Straight road,Human Error,Yes,Critical,Side-impact,No control,Curve,Main road,Concrete,Wet,Good,Foggy,Double lane,Newly painted,Obstructed view,Absent,Park Street,27.0844,93.6053
Kohima District Nagaland,Kohima,2013,1,Road accident,Commercial hub,Tunnel,Human Error,Yes,High,Rear-end,No control,Straight,Highway,Gravel,Wet,Good,Rainy,Multiple lanes,Partially visible,Well-lit,Under construction,Ring Road,25.6751,94.1086
Kohima District Nagaland,Kohima,2003,3,Road accident,Residential street,Bridge,Human Error,No,Moderate,Rear-end,Stop sign,Curve,Main road,Asphalt,Muddy,Good,Foggy,Multiple lanes,Faded,Poorly lit,Absent,State Highway 1,25.6751,94.1086
Imphal West Manipur,Imphal,2013,4,Road accident,Market area,Curve,Human Error,No,Low,Side-impact,No control,Urban road,Highway,Concrete,Wet,Poor,Foggy,Double lane,Clearly visible,Congested,Damaged,State Highway 1,24.8108,93.9386
East Kashi Hills Meghalaya,Shillong,2008,3,Road accident,Highway intersection,Tunnel,Human Error,No,Moderate,Rear-end,Traffic lights,Hilly,Service road,Asphalt,Wet,Under construction,Rainy,Single lane,Faded,Well-lit,Under construction,State Highway 1,91.8933,91.8933
Gangtok District Sikim,Gangtok District Sikim,2001,1,Road accident,Market area,Bridge,Human Error,No,High,Side-impact,Yield sign,Rural road,Highway,Dirt,Wet,Poor,Clear,Triple lane,Newly painted,Well-lit,Under construction,MG Road,27.3314,88.6138
East Kashi Hills Meghalaya,Shillong,2002,4,Road accident,Commercial hub,Intersection,Human Error,Yes,Low,Side-impact,Yield sign,Urban road,Secondary road,Asphalt,Muddy,Fair,Clear,Single lane,Faded,Clear view,Under construction,National Highway 27,91.8933,91.8933
East Kashi Hills Meghalaya,Shillong,2001,3,Road accident,Highway intersection,Straight road,Human Error,Yes,Critical,Side-impact,No control,Flat,Main road,Dirt,Wet,Potholes present,Clear,Triple lane,Not visible,Well-lit,Well-maintained,Park Street,91.8933,91.8933
Gangtok District Sikim,Gangtok District Sikim,2001,2,Road accident,Commercial hub,Bridge,Human Error,No,Moderate,Side-impact,Yield sign,Urban road,Local road,Gravel,Wet,Poor,Foggy,Triple lane,Faded,Obstructed view,Well-maintained,MG Road,27.3314,88.6138
Aizawl District Mizoram ,Aizawl,2011,3,Road accident,Commercial hub,Tunnel,Human Error,Yes,High,Rollover,Traffic lights,Hilly,Highway,Gravel,Dry,Fair,Rainy,Divided,Not visible,Congested,Well-maintained,Park Street,23.7307,92.7173
Kohima District Nagaland,Kohima,2002,4,Road accident,Market area,Curve,Human Error,No,Moderate,Rollover,Traffic lights,Flat,Main road,Gravel,Dry,Fair,Foggy,Single lane,Faded,Poorly lit,Present,Park Street,25.6751,94.1086
Itanagar District,Itanagar,2015,1,Road accident,Market area,Curve,Human Error,Yes,Low,Rollover,Traffic lights,Flat,Main road,Concrete,Wet,Fair,Clear,Multiple lanes,Newly painted,Obstructed view,Damaged,MG Road,27.0844,93.6053
Kohima District Nagaland,Kohima,2020,1,Road accident,Highway intersection,Bridge,Human Error,Yes,Low,Rollover,Traffic lights,Flat,Service road,Concrete,Slippery,Under construction,Rainy,Multiple lanes,Newly painted,Obstructed view,Absent,State Highway 1,25.6751,94.1086
Aizawl District Mizoram ,Aizawl,2010,4,Road accident,Commercial hub,Curve,Human Error,No,High,Rear-end,Stop sign,Straight,Service road,Gravel,Muddy,Fair,Foggy,Single lane,Faded,Well-lit,Well-maintained,State Highway 1,23.7307,92.7173
Imphal West Manipur,Imphal,2004,1,Road accident,Market area,Intersection,Human Error,Yes,Moderate,Side-impact,Yield sign,Curve,Service road,Dirt,Wet,Poor,Windy,Double lane,Not visible,Clear view,Absent,MG Road,24.8108,93.9386
Kamrup Metropoliton District Assam,Guwahati,2011,2,Road accident,Near school,Tunnel,Human Error,No,High,Rollover,Yield sign,Rural road,Local road,Gravel,Wet,Fair,Windy,Single lane,Clearly visible,Well-lit,Absent,State Highway 1,26.1158,91.7086
Kamrup Metropoliton District Assam,Guwahati,2010,4,Road accident,Near school,Straight road,Human Error,No,Moderate,Rollover,No control,Straight,Secondary road,Gravel,Slippery,Under construction,Rainy,Multiple lanes,Partially visible,Obstructed view,Well-maintained,Ring Road,26.1158,91.7086
Imphal West Manipur,Imphal,2005,1,Road accident,Near school,Curve,Human Error,No,Low,Head-on,Traffic lights,Straight,Main road,Dirt,Muddy,Good,Windy,Double lane,Faded,Congested,Damaged,National Highway 27,24.8108,93.9386
Gangtok District Sikim,Gangtok District Sikim,2000,1,Road accident,Near school,Bridge,Human Error,No,High,Rear-end,Stop sign,Rural road,Local road,Asphalt,Wet,Good,Clear,Triple lane,Clearly visible,Congested,Damaged,State Highway 1,27.3314,88.6138
East Kashi Hills Meghalaya,Shillong,2012,2,Road accident,Highway intersection,Tunnel,Human Error,No,Critical,Side-impact,No control,Flat,Service road,Gravel,Wet,Potholes present,Rainy,Double lane,Not visible,Clear view,Well-maintained,Park Street,91.8933,91.8933
Imphal West Manipur,Imphal,2011,2,Road accident,Near school,Bridge,Human Error,Yes,Moderate,Head-on,Yield sign,Curve,Secondary road,Gravel,Muddy,Poor,Rainy,Double lane,Newly painted,Poorly lit,Absent,State Highway 1,24.8108,93.9386
Aizawl District Mizoram ,Aizawl,2008,1,Road accident,Residential street,Straight road,Human Error,Yes,High,Side-impact,Yield sign,Rural road,Secondary road,Cobblestone,Muddy,Good,Rainy,Single lane,Not visible,Congested,Present,State Highway 1,23.7307,92.7173
Itanagar District,Itanagar,2013,2,Road accident,Residential street,Tunnel,Human Error,Yes,Low,Head-on,Traffic lights,Curve,Secondary road,Concrete,Muddy,Poor,Rainy,Double lane,Faded,Poorly lit,Absent,State Highway 1,27.0844,93.6053
Kohima District Nagaland,Kohima,2020,2,Road accident,Commercial hub,Straight road,Human Error,Yes,High,Rear-end,Yield sign,Urban road,Local road,Cobblestone,Slippery,Poor,Rainy,Triple lane,Partially visible,Poorly lit,Well-maintained,State Highway 1,25.6751,94.1086
Aizawl District Mizoram ,Aizawl,2013,3,Road accident,Near school,Intersection,Human Error,Yes,Critical,Head-on,Stop sign,Rural road,Secondary road,Concrete,Slippery,Potholes present,Clear,Triple lane,Partially visible,Well-lit,Damaged,State Highway 1,23.7307,92.7173
Imphal West Manipur,Imphal,2020,2,Road accident,Market area,Bridge,Human Error,Yes,High,Head-on,Stop sign,Curve,Service road,Asphalt,Wet,Fair,Rainy,Triple lane,Newly painted,Poorly lit,Present,State Highway 1,24.8108,93.9386
Itanagar District,Itanagar,2016,4,Road accident,Commercial hub,Intersection,Human Error,No,Moderate,Side-impact,Traffic lights,Straight,Service road,Gravel,Wet,Fair,Windy,Double lane,Clearly visible,Obstructed view,Damaged,Ring Road,27.0844,93.6053
Gangtok District Sikim,Gangtok District Sikim,2012,1,Road accident,Commercial hub,Straight road,Human Error,Yes,Low,Rollover,Yield sign,Urban road,Secondary road,Gravel,Slippery,Fair,Foggy,Divided,Clearly visible,Obstructed view,Damaged,MG Road,27.3314,88.6138
East Kashi Hills Meghalaya,Shillong,2019,1,Road accident,Commercial hub,Bridge,Human Error,Yes,Low,Rollover,Traffic lights,Urban road,Local road,Dirt,Wet,Potholes present,Rainy,Divided,Clearly visible,Congested,Damaged,MG Road,91.8933,91.8933
Itanagar District,Itanagar,2012,1,Road accident,Near school,Straight road,Human Error,No,Low,Side-impact,No control,Curve,Service road,Cobblestone,Wet,Poor,Rainy,Divided,Faded,Poorly lit,Absent,Park Street,27.0844,93.6053
Itanagar District,Itanagar,2006,4,Road accident,Residential street,Straight road,Human Error,Yes,Moderate,Rear-end,Stop sign,Urban road,Service road,Concrete,Dry,Fair,Rainy,Double lane,Partially visible,Congested,Under construction,State Highway 1,27.0844,93.6053
Kohima District Nagaland,Kohima,2010,2,Road accident,Market area,Tunnel,Human Error,Yes,High,Rear-end,Traffic lights,Curve,Service road,Asphalt,Wet,Potholes present,Clear,Divided,Clearly visible,Clear view,Damaged,MG Road,25.6751,94.1086
Gangtok District Sikim,Gangtok District Sikim,2018,2,Road accident,Commercial hub,Tunnel,Human Error,Yes,Low,Rear-end,Stop sign,Curve,Local road,Concrete,Muddy,Potholes present,Foggy,Double lane,Clearly visible,Clear view,Well-maintained,National Highway 27,27.3314,88.6138
Itanagar District,Itanagar,2017,2,Road accident,Residential street,Straight road,Human Error,Yes,Critical,Rollover,No control,Hilly,Service road,Dirt,Wet,Potholes present,Rainy,Single lane,Partially visible,Congested,Under construction,State Highway 1,27.0844,93.6053
Imphal West Manipur,Imphal,2011,3,Road accident,Highway intersection,Tunnel,Human Error,No,Low,Side-impact,No control,Curve,Service road,Asphalt,Muddy,Potholes present,Clear,Multiple lanes,Clearly visible,Obstructed view,Present,Ring Road,24.8108,93.9386
Kamrup Metropoliton District Assam,Guwahati,2007,3,Road accident,Residential street,Tunnel,Human Error,No,Critical,Head-on,Yield sign,Flat,Highway,Gravel,Wet,Poor,Rainy,Single lane,Faded,Congested,Damaged,MG Road,26.1158,91.7086
Itanagar District ,Itanagar,2018,1,Road accident,Market area,Straight road,Human Error,Yes,Moderate,Head-on,Yield sign,Hilly,Main road,Dirt,Wet,Potholes present,Clear,Triple lane,Faded,Well-lit,Damaged,Ring Road,27.0844,93.6053
Aizawal District Mizoram,Aizawl,2021,1,Road accident,Commercial hub,Curve,Human Error,No,Moderate,Rollover,Yield sign,Curve,Secondary road,Asphalt,Wet,Poor,Rainy,Single lane,Not visible,Congested,Well-maintained,National Highway 27,23.7307,92.7173
Gangtok District Sikim District Sikim,Gangtok District Sikim,2009,3,Road accident,Near school,Curve,Human Error,Yes,Low,Head-on,Traffic lights,Straight,Main road,Gravel,Dry,Potholes present,Rainy,Triple lane,Partially visible,Congested,Present,State Highway 1,27.3314,88.6138
East Khasi Hills Meghalaya,Shillong,2011,4,Road accident,Near school,Bridge,Human Error,Yes,High,Side-impact,Yield sign,Curve,Local road,Asphalt,Muddy,Poor,Foggy,Divided,Newly painted,Clear view,Absent,State Highway 1,91.8933,91.8933
East Khasi Hills Meghalaya,Shillong,2016,4,Road accident,Commercial hub,Bridge,Human Error,Yes,Moderate,Rear-end,No control,Rural road,Main road,Concrete,Wet,Under construction,Foggy,Multiple lanes,Newly painted,Obstructed view,Present,Ring Road,91.8933,91.8933
Itanagar District ,Itanagar,2000,3,Road accident,Market area,Bridge,Human Error,Yes,Critical,Rear-end,Yield sign,Rural road,Local road,Cobblestone,Slippery,Good,Rainy,Triple lane,Clearly visible,Congested,Present,National Highway 27,27.0844,93.6053
Kohima District NagalandDistrict Nagaland,Kohima,2016,2,Road accident,Commercial hub,Intersection,Human Error,Yes,Low,Rollover,No control,Straight,Local road,Cobblestone,Wet,Potholes present,Foggy,Double lane,Clearly visible,Congested,Well-maintained,State Highway 1,25.6751,94.1086
Aizawal District Mizoram,Aizawl,2019,2,Road accident,Market area,Straight road,Human Error,No,Critical,Head-on,No control,Urban road,Main road,Asphalt,Muddy,Potholes present,Clear,Multiple lanes,Newly painted,Clear view,Damaged,Ring Road,23.7307,92.7173
Aizawal District Mizoram,Aizawl,2013,2,Road accident,Market area,Intersection,Human Error,Yes,Critical,Rear-end,Yield sign,Rural road,Local road,Gravel,Dry,Fair,Rainy,Single lane,Clearly visible,Well-lit,Well-maintained,MG Road,23.7307,92.7173
Kamrup Metropolitan Distric Assam,Guwahati,2000,2,Road accident,Commercial hub,Curve,Human Error,No,Critical,Head-on,No control,Rural road,Local road,Asphalt,Slippery,Fair,Windy,Double lane,Partially visible,Well-lit,Present,Ring Road,26.1158,91.7086
Gangtok District Sikim District Sikim,Gangtok District Sikim,2015,2,Road accident,Market area,Curve,Human Error,No,Low,Rollover,No control,Rural road,Main road,Asphalt,Muddy,Potholes present,Rainy,Divided,Faded,Well-lit,Well-maintained,Park Street,27.3314,88.6138
Gangtok District Sikim District Sikim,Gangtok District Sikim,2017,2,Road accident,Market area,Bridge,Human Error,Yes,Low,Rollover,Yield sign,Hilly,Main road,Dirt,Slippery,Potholes present,Rainy,Multiple lanes,Not visible,Obstructed view,Under construction,National Highway 27,27.3314,88.6138
East Khasi Hills Meghalaya,Shillong,2003,2,Road accident,Near school,Straight road,Human Error,Yes,Critical,Rollover,No control,Curve,Secondary road,Cobblestone,Wet,Poor,Rainy,Multiple lanes,Clearly visible,Well-lit,Present,Ring Road,91.8933,91.8933
Gangtok District Sikim District Sikim,Gangtok District Sikim,2013,1,Road accident,Near school,Straight road,Human Error,No,High,Rear-end,Stop sign,Rural road,Main road,Asphalt,Wet,Fair,Rainy,Single lane,Faded,Obstructed view,Well-maintained,Park Street,27.3314,88.6138
Aizawal District Mizoram,Aizawl,2010,1,Road accident,Market area,Bridge,Human Error,Yes,High,Rear-end,Stop sign,Straight,Secondary road,Cobblestone,Wet,Fair,Rainy,Divided,Faded,Obstructed view,Absent,MG Road,23.7307,92.7173
Kamrup Metropolitan Distric Assam,Guwahati,2019,3,Road accident,Residential street,Bridge,Human Error,Yes,Critical,Rollover,Yield sign,Rural road,Secondary road,Dirt,Wet,Potholes present,Clear,Triple lane,Newly painted,Congested,Present,State Highway 1,26.1158,91.7086
Kohima District NagalandDistrict Nagaland,Kohima,2007,3,Road accident,Residential street,Straight road,Human Error,No,Low,Rollover,Traffic lights,Curve,Local road,Dirt,Wet,Poor,Clear,Double lane,Clearly visible,Well-lit,Present,MG Road,25.6751,94.1086
Aizawal District Mizoram,Aizawl,2002,3,Road accident,Near school,Straight road,Human Error,Yes,Low,Side-impact,Yield sign,Rural road,Highway,Asphalt,Dry,Potholes present,Rainy,Double lane,Newly painted,Poorly lit,Under construction,MG Road,23.7307,92.7173
Imphal West Manipur,Imphal,2002,3,Road accident,Near school,Bridge,Human Error,No,High,Rollover,Stop sign,Rural road,Local road,Gravel,Slippery,Poor,Rainy,Multiple lanes,Partially visible,Poorly lit,Well-maintained,Park Street,24.8108,93.9386
Itanagar District ,Itanagar,2005,1,Road accident,Near school,Tunnel,Human Error,Yes,High,Side-impact,Traffic lights,Rural road,Highway,Gravel,Dry,Fair,Rainy,Multiple lanes,Newly painted,Congested,Well-maintained,MG Road,27.0844,93.6053
East Khasi Hills Meghalaya,Shillong,2013,3,Road accident,Commercial hub,Straight road,Human Error,No,Moderate,Head-on,Yield sign,Urban road,Highway,Dirt,Wet,Potholes present,Rainy,Triple lane,Faded,Poorly lit,Absent,MG Road,91.8933,91.8933
Kamrup Metropolitan Distric Assam,Guwahati,2019,2,Road accident,Commercial hub,Tunnel,Human Error,Yes,Critical,Side-impact,Stop sign,Straight,Secondary road,Concrete,Wet,Good,Foggy,Triple lane,Faded,Congested,Under construction,Ring Road,26.1158,91.7086
Aizawal District Mizoram,Aizawl,2011,3,Road accident,Highway intersection,Curve,Human Error,No,High,Rollover,Yield sign,Straight,Local road,Concrete,Wet,Good,Rainy,Triple lane,Newly painted,Clear view,Present,MG Road,23.7307,92.7173
Kamrup Metropolitan Distric Assam,Guwahati,2017,4,Road accident,Market area,Straight road,Human Error,No,Low,Head-on,Stop sign,Straight,Service road,Cobblestone,Wet,Poor,Rainy,Single lane,Clearly visible,Clear view,Absent,Ring Road,26.1158,91.7086
Imphal East Manipur,Imphal,2013,1,Road accident,Near school,Bridge,Human Error,No,High,Rollover,Stop sign,Rural road,Service road,Gravel,Wet,Poor,Windy,Multiple lanes,Newly painted,Poorly lit,Well-maintained,MG Road,24.8108,93.9386
Kamrup Metropolitan Distric Assam,Guwahati,2014,1,Road accident,Market area,Straight road,Human Error,No,Moderate,Head-on,No control,Hilly,Service road,Concrete,Dry,Good,Rainy,Triple lane,Newly painted,Obstructed view,Under construction,Park Street,26.1158,91.7086
East Khasi Hills Meghalaya,Shillong,2011,1,Road accident,Residential street,Straight road,Human Error,Yes,High,Rollover,Yield sign,Hilly,Service road,Cobblestone,Wet,Under construction,Foggy,Multiple lanes,Not visible,Clear view,Well-maintained,National Highway 27,91.8933,91.8933
Imphal East Manipur,Imphal,2015,2,Road accident,Highway intersection,Intersection,Human Error,No,Critical,Side-impact,Stop sign,Rural road,Highway,Gravel,Wet,Under construction,Foggy,Divided,Newly painted,Obstructed view,Absent,Park Street,24.8108,93.9386
Kohima District NagalandDistrict Nagaland,Kohima,2014,2,Road accident,Highway intersection,Curve,Human Error,No,High,Side-impact,Stop sign,Hilly,Local road,Concrete,Wet,Potholes present,Foggy,Double lane,Faded,Obstructed view,Well-maintained,National Highway 27,25.6751,94.1086
Kamrup Metropolitan Distric Assam,Guwahati,2022,1,Road accident,Highway,MG Road,Human Error,No,Minor,Side-impact,Traffic Signal,Intersection,State,Asphalt,Muddy,Poor,Clear,Single,Present,Moderate,Absent,MG Road,26.1158,91.7086
Kamrup Metropolitan Distric Assam,Guwahati,2021,3,Road accident,Rural Road,GS Road,Human Error,No,Minor,Sideswipe,Traffic Signal,Curved Road,National,Concrete,Muddy,Good,Rainy,Double,Faded,Moderate,Present,AB Road,26.1158,91.7086
Kamrup Metropolitan Distric Assam,Guwahati,2023,2,Road accident,Highway,MG Road,Human Error,No,Serious,Side-impact,Stop Sign,Straight Road,City,Concrete,Wet,Poor,Rainy,Double,Absent,Moderate,Present,NH-37,26.1158,91.7086
Kamrup Metropolitan Distric Assam,Silchar,2020,1,Road accident,Highway,NH-37,Human Error,No,Serious,Rear-end,Traffic Signal,Curved Road,City,Gravel,Wet,Good,Foggy,Double,Faded,Good,Absent,AT Road,24.8333,92.7789
Jorhat,Jorhat,2017,4,Road accident,Urban Road,NH-37,Human Error,No,Fatal,Side-impact,Stop Sign,Intersection,State,Asphalt,Wet,Fair,Clear,Double,Absent,Good,Present,AT Road,26.7509,94.2037
Kamrup Metropolitan Distric Assam,Guwahati,2015,3,Road accident,Rural Road,AT Road,Human Error,No,Serious,Sideswipe,Stop Sign,Curved Road,City,Asphalt,Dry,Good,Clear,Single,Present,Moderate,Present,MG Road,26.1158,91.7086
Jorhat,Guwahati,2023,1,Road accident,Urban Road,NH-37,Human Error,Yes,Minor,Rear-end,Stop Sign,Curved Road,National,Gravel,Muddy,Poor,Rainy,Single,Absent,Poor,Absent,AT Road,26.1158,91.7086
Cachar ,Silchar,2015,1,Road accident,Rural Road,GS Road,Human Error,No,Fatal,Side-impact,None,Curved Road,National,Asphalt,Wet,Good,Rainy,Double,Present,Moderate,Absent,GS Road,24.8333,92.7789
Dibrugarh,Dibrugarh,2018,2,Road accident,Rural Road,GS Road,Human Error,Yes,Minor,Sideswipe,Stop Sign,Intersection,State,Asphalt,Muddy,Poor,Rainy,Single,Present,Good,Present,GS Road,27.4705,94.9125
Kamrup Metropolitan Distric Assam,Guwahati,2020,1,Road accident,Rural Road,NH-37,Human Error,No,Serious,Sideswipe,Stop Sign,Curved Road,State,Asphalt,Muddy,Poor,Foggy,Double,Absent,Poor,Absent,GS Road,26.1158,91.7086
Dibrugarh,Dibrugarh,2019,4,Road accident,Urban Road,GS Road,Human Error,Yes,Serious,Side-impact,Traffic Signal,Straight Road,City,Gravel,Muddy,Poor,Clear,Single,Faded,Moderate,Present,AB Road,27.4705,94.9125
Kamrup Metropolitan Distric Assam,Guwahati,2019,2,Road accident,Urban Road,GS Road,Human Error,No,Serious,Rear-end,Stop Sign,Straight Road,National,Asphalt,Muddy,Good,Clear,Double,Faded,Good,Present,AT Road,26.1158,91.7086
Dibrugarh,Dibrugarh,2023,3,Road accident,Rural Road,MG Road,Human Error,Yes,Minor,Side-impact,Stop Sign,Curved Road,National,Asphalt,Dry,Good,Clear,Double,Present,Moderate,Absent,GS Road,27.4705,94.9125
Cachar ,Silchar,2016,2,Road accident,Urban Road,AT Road,Human Error,No,Fatal,Sideswipe,Traffic Signal,Straight Road,State,Gravel,Dry,Good,Clear,Double,Absent,Moderate,Present,AT Road,24.8333,92.7789
Cachar ,Silchar,2017,4,Road accident,Rural Road,AT Road,Human Error,No,Serious,Rear-end,Stop Sign,Straight Road,National,Concrete,Dry,Good,Rainy,Double,Faded,Poor,Absent,GS Road,24.8333,92.7789
Kamrup Metropolitan Distric Assam,Guwahati,2016,1,Road accident,Highway,AB Road,Human Error,No,Fatal,Sideswipe,None,Straight Road,National,Gravel,Wet,Poor,Foggy,Single,Absent,Good,Present,NH-37,26.1158,91.7086
Cachar ,Silchar,2019,2,Road accident,Rural Road,NH-37,Human Error,No,Fatal,Head-on,Traffic Signal,Curved Road,City,Gravel,Muddy,Fair,Rainy,Double,Absent,Good,Present,AT Road,24.8333,92.7789
Dibrugarh,Dibrugarh,2021,2,Road accident,Highway,GS Road,Human Error,No,Serious,Side-impact,Traffic Signal,Curved Road,City,Concrete,Muddy,Good,Foggy,Double,Present,Good,Present,AT Road,27.4705,94.9125