DISTRICT NAME,UNIT NAME, YEAR,VEHICLE_INVOLVED,ACCIDENT CLASIFICATION,ACCIDENT SPOT,ACCIDENT LOCATION,MAIN CAUSE,HIT-RUN,SEVERITY,COLLISION TYPE,JUNCTION CONTROL,ROAD CHARACTER,ROAD-TYPE,SURFACE-TYPE,SURFACE CONDITION,ROAD CONDITION,WEATHER,LANE-TYPE,ROAD MARKING,SPOT CONDITIONS,SIDE WALK,ACCIDENT-ROAD,Latitude ,Longitude
Cachar ,Silchar,2022,1,Road accident,Rural Road,MG Road,Human Error,Yes,Minor,Sideswipe,None,Intersection,City,Gravel,Muddy,Good,Clear,Single,Absent,Good,Absent,NH-37,24.8333,92.7789
Cachar ,Silchar,2015,1,Road accident,Urban Road,GS Road,Human Error,No,Serious,Side-impact,Traffic Signal,Intersection,National,Concrete,Muddy,Poor,Rainy,Single,Present,Good,Present,AT Road,24.8333,92.7789
Cachar ,Silchar,2021,2,Road accident,Rural Road,AB Road,Human Error,No,Fatal,Side-impact,Stop Sign,Intersection,National,Asphalt,Dry,Poor,Clear,Single,Faded,Moderate,Absent,AT Road,24.8333,92.7789
Kamrup Metropolitan Distric Assam,Guwahati,2018,1,Road accident,Highway,GS Road,Human Error,No,Minor,Head-on,None,Intersection,State,Asphalt,Muddy,Fair,Rainy,Double,Faded,Good,Absent,GS Road,26.1158,91.7086
Jorhat,Jorhat,2022,1,Road accident,Rural Road,NH-37,Human Error,No,Fatal,Sideswipe,Traffic Signal,Curved Road,State,Asphalt,Dry,Poor,Clear,Double,Present,Moderate,Present,GS Road,26.7509,94.2037
Cachar ,Silchar,2021,3,Road accident,Rural Road,MG Road,Human Error,No,Minor,Side-impact,Traffic Signal,Straight Road,State,Gravel,Muddy,Good,Foggy,Double,Faded,Moderate,Present,AT Road,24.8333,92.7789
Dibrugarh,Dibrugarh,2019,3,Road accident,Rural Road,MG Road,Human Error,No,Serious,Head-on,None,Straight Road,National,Concrete,Wet,Fair,Clear,Double,Present,Moderate,Present,MG Road,27.4705,94.9125
Jorhat,Jorhat,2020,3,Road accident,Highway,AT Road,Human Error,Yes,Serious,Rear-end,None,Curved Road,State,Asphalt,Muddy,Fair,Foggy,Single,Present,Moderate,Present,AT Road,26.7509,94.2037
Cachar ,Silchar,2018,3,Road accident,Highway,GS Road,Human Error,Yes,Serious,Side-impact,None,Intersection,State,Gravel,Dry,Good,Clear,Single,Absent,Moderate,Present,NH-37,24.8333,92.7789
Kamrup Metropolitan Distric Assam,Guwahati,2019,2,Road accident,Rural Road,MG Road,Human Error,No,Fatal,Side-impact,None,Intersection,National,Gravel,Muddy,Good,Foggy,Single,Faded,Poor,Present,MG Road,26.1158,91.7086
Dibrugarh,Dibrugarh,2017,3,Road accident,Highway,NH-37,Human Error,No,Serious,Rear-end,None,Straight Road,State,Concrete,Muddy,Poor,Rainy,Single,Faded,Moderate,Present,MG Road,27.4705,94.9125
Dibrugarh,Dibrugarh,2016,1,Road accident,Rural Road,AT Road,Human Error,Yes,Minor,Rear-end,None,Intersection,State,Asphalt,Muddy,Poor,Clear,Single,Absent,Poor,Present,MG Road,27.4705,94.9125
Dibrugarh,Dibrugarh,2017,2,Road accident,Rural Road,NH-37,Human Error,Yes,Minor,Rear-end,Stop Sign,Straight Road,National,Concrete,Dry,Good,Clear,Single,Present,Good,Absent,NH-37,27.4705,94.9125
Kamrup Metropolitan Distric Assam,Guwahati,2015,2,Road accident,Urban Road,NH-37,Human Error,Yes,Minor,Rear-end,Traffic Signal,Intersection,City,Concrete,Wet,Fair,Rainy,Single,Faded,Moderate,Absent,NH-37,26.1158,91.7086
Dibrugarh,Dibrugarh,2021,1,Road accident,Rural Road,GS Road,Human Error,No,Fatal,Rear-end,Stop Sign,Intersection,State,Concrete,Wet,Good,Foggy,Double,Absent,Moderate,Absent,AT Road,27.4705,94.9125
Kamrup Metropolitan Distric Assam,Guwahati,2023,1,Road accident,Rural Road,AB Road,Human Error,Yes,Minor,Side-impact,Stop Sign,Intersection,National,Asphalt,Dry,Fair,Clear,Single,Present,Moderate,Absent,AT Road,26.1158,91.7086
Cachar ,Silchar,2022,2,Road accident,Highway,GS Road,Human Error,Yes,Minor,Side-impact,Stop Sign,Straight Road,City,Concrete,Dry,Poor,Rainy,Double,Present,Good,Absent,GS Road,24.8333,92.7789
Jorhat,Jorhat,2023,1,Road accident,Rural Road,AT Road,Human Error,No,Fatal,Side-impact,Stop Sign,Curved Road,National,Concrete,Muddy,Good,Clear,Double,Present,Moderate,Absent,AT Road,26.7509,94.2037
Jorhat,Jorhat,2019,3,Road accident,Rural Road,MG Road,Human Error,Yes,Serious,Head-on,Stop Sign,Curved Road,National,Asphalt,Wet,Fair,Rainy,Double,Present,Moderate,Absent,NH-37,26.7509,94.2037
Kamrup Metropolitan Distric Assam,Guwahati,2020,4,Road accident,Rural Road,GS Road,Human Error,Yes,Serious,Sideswipe,Traffic Signal,Curved Road,State,Concrete,Muddy,Fair,Foggy,Single,Faded,Moderate,Absent,MG Road,26.1158,91.7086
Dibrugarh,Dibrugarh,2016,3,Road accident,Highway,AB Road,Human Error,No,Serious,Side-impact,Stop Sign,Straight Road,State,Gravel,Muddy,Fair,Clear,Single,Present,Moderate,Absent,MG Road,27.4705,94.9125
cachar ,Silchar,2022,1,Road accident,Urban Road,MG Road,Human Error,Yes,Minor,Side-impact,Stop Sign,Straight Road,State,Asphalt,Muddy,Poor,Clear,Single,Present,Good,Absent,AB Road,24.8333,92.7789
Kamrup Metropolitan Distric Assam,Guwahati,2016,4,Road accident,Highway,AT Road,Human Error,No,Serious,Rear-end,Stop Sign,Curved Road,National,Gravel,Dry,Fair,Clear,Single,Absent,Moderate,Present,GS Road,26.1158,91.7086
Kamrup Metropolitan Distric Assam,Guwahati,2017,3,Road accident,Highway,AT Road,Human Error,No,Serious,Head-on,Traffic Signal,Curved Road,City,Asphalt,Muddy,Fair,Rainy,Single,Absent,Moderate,Present,GS Road,26.1158,91.7086
Jorhat,Jorhat,2019,2,Road accident,Rural Road,NH-37,Human Error,Yes,Serious,Side-impact,Stop Sign,Curved Road,National,Gravel,Dry,Good,Rainy,Single,Present,Good,Present,GS Road,26.7509,94.2037
Dibrugarh,Dibrugarh,2020,4,Road accident,Urban Road,MG Road,Human Error,Yes,Minor,Sideswipe,None,Curved Road,National,Asphalt,Dry,Good,Foggy,Double,Faded,Poor,Absent,GS Road,27.4705,94.9125
cachar ,Silchar,2019,4,Road accident,Urban Road,GS Road,Human Error,Yes,Fatal,Side-impact,Stop Sign,Intersection,State,Concrete,Wet,Fair,Rainy,Single,Absent,Poor,Present,AB Road,24.8333,92.7789
Kamrup Metropolitan Distric Assam,Guwahati,2022,2,Road accident,Rural Road,GS Road,Human Error,No,Serious,Rear-end,None,Straight Road,National,Asphalt,Dry,Good,Foggy,Single,Faded,Moderate,Present,MG Road,26.1158,91.7086
Dibrugarh,Dibrugarh,2019,3,Road accident,Rural Road,GS Road,Human Error,Yes,Minor,Head-on,Traffic Signal,Curved Road,State,Gravel,Wet,Fair,Clear,Double,Faded,Poor,Absent,AB Road,27.4705,94.9125
cachar ,Silchar,2016,1,Road accident,Highway,AT Road,Human Error,Yes,Minor,Side-impact,None,Curved Road,City,Asphalt,Wet,Good,Foggy,Single,Absent,Poor,Present,NH-37,24.8333,92.7789
cachar ,Silchar,2017,2,Road accident,Highway,AB Road,Human Error,No,Minor,Side-impact,None,Curved Road,State,Concrete,Muddy,Poor,Rainy,Single,Absent,Good,Present,AB Road,24.8333,92.7789
Kamrup Metropolitan Distric Assam,Guwahati,2021,1,Road accident,Highway,NH-37,Human Error,Yes,Fatal,Side-impact,Stop Sign,Straight Road,State,Gravel,Muddy,Fair,Rainy,Single,Present,Moderate,Absent,GS Road,26.1158,91.7086
Dibrugarh,Dibrugarh,2015,3,Road accident,Highway,GS Road,Human Error,No,Minor,Rear-end,None,Curved Road,City,Asphalt,Dry,Poor,Clear,Single,Present,Moderate,Present,NH-37,27.4705,94.9125
Kamrup Metropolitan Distric Assam,Guwahati,2017,4,Road accident,Urban Road,AB Road,Human Error,No,Fatal,Rear-end,Traffic Signal,Curved Road,National,Concrete,Wet,Fair,Foggy,Double,Faded,Poor,Absent,NH-37,26.1158,91.7086
Kamrup Metropolitan Distric Assam,Guwahati,2016,1,Road accident,Rural Road,MG Road,Human Error,Yes,Serious,Sideswipe,Stop Sign,Straight Road,City,Concrete,Dry,Fair,Rainy,Double,Faded,Moderate,Absent,NH-37,26.1158,91.7086
Kamrup Metropolitan Distric Assam,Guwahati,2019,3,Road accident,Highway,NH-37,Human Error,No,Fatal,Rear-end,Stop Sign,Intersection,National,Concrete,Wet,Good,Foggy,Single,Present,Good,Present,NH-37,26.1158,91.7086
Cachar ,Silchar,2022,1,Road accident,Urban Road,AB Road,Human Error,Yes,Serious,Rear-end,Stop Sign,Intersection,National,Concrete,Dry,Fair,Rainy,Double,Present,Moderate,Absent,NH-37,24.8333,92.7789
Jorhat,Jorhat,2015,4,Road accident,Urban Road,AT Road,Human Error,Yes,Serious,Rear-end,None,Straight Road,National,Gravel,Wet,Good,Foggy,Single,Faded,Moderate,Present,MG Road,26.7509,94.2037
Dibrugarh,Dibrugarh,2016,2,Road accident,Highway,MG Road,Human Error,Yes,Serious,Side-impact,Stop Sign,Straight Road,State,Gravel,Wet,Fair,Rainy,Double,Faded,Poor,Absent,AT Road,27.4705,94.9125
Kamrup Metropolitan Distric Assam,Guwahati,2021,2,Road accident,Urban Road,GS Road,Human Error,No,Minor,Rear-end,Stop Sign,Curved Road,National,Concrete,Muddy,Poor,Foggy,Single,Faded,Moderate,Absent,NH-37,26.1158,91.7086
Cachar ,Silchar,2018,4,Road accident,Highway,NH-37,Human Error,No,Serious,Side-impact,None,Straight Road,National,Concrete,Dry,Good,Clear,Double,Faded,Good,Absent,NH-37,24.8333,92.7789
Jorhat,Jorhat,2017,4,Road accident,Rural Road,AT Road,Human Error,Yes,Serious,Side-impact,None,Intersection,City,Asphalt,Dry,Good,Rainy,Single,Present,Good,Present,GS Road,26.7509,94.2037
Cachar ,Silchar,2017,2,Road accident,Highway,NH-37,Human Error,No,Minor,Side-impact,None,Intersection,City,Gravel,Muddy,Fair,Rainy,Single,Absent,Poor,Absent,NH-37,24.8333,92.7789
Kamrup Metropolitan Distric Assam,Guwahati,2021,1,Road accident,Urban Road,AT Road,Human Error,Yes,Fatal,Sideswipe,None,Intersection,State,Asphalt,Wet,Good,Foggy,Double,Faded,Poor,Absent,AB Road,26.1158,91.7086
Dibrugarh,Dibrugarh,2016,3,Road accident,Highway,AB Road,Human Error,No,Serious,Side-impact,None,Straight Road,State,Gravel,Wet,Poor,Rainy,Single,Absent,Good,Absent,GS Road,27.4705,94.9125
Cachar ,Silchar,2018,1,Road accident,Rural Road,GS Road,Human Error,No,Minor,Rear-end,None,Straight Road,State,Asphalt,Muddy,Poor,Rainy,Double,Faded,Moderate,Absent,AT Road,24.8333,92.7789
Dibrugarh,Dibrugarh,2019,1,Road accident,Highway,GS Road,Human Error,No,Minor,Sideswipe,Traffic Signal,Curved Road,State,Gravel,Dry,Good,Clear,Single,Present,Moderate,Present,NH-37,27.4705,94.9125
Kamrup Metropolitan Distric Assam,Guwahati,2021,3,Road accident,Rural Road,GS Road,Human Error,No,Serious,Side-impact,None,Intersection,State,Asphalt,Dry,Poor,Rainy,Double,Absent,Good,Absent,NH-37,26.1158,91.7086
Kamrup Metropolitan Distric Assam,Guwahati,2017,1,Road accident,Urban Road,NH-37,Human Error,Yes,Fatal,Rear-end,Traffic Signal,Straight Road,State,Asphalt,Wet,Poor,Clear,Double,Absent,Poor,Present,AT Road,26.1158,91.7086
Cachar ,Silchar,2017,1,Road accident,Highway,NH-37,Human Error,Yes,Minor,Side-impact,Traffic Signal,Curved Road,State,Gravel,Dry,Poor,Rainy,Double,Absent,Good,Absent,GS Road,24.8333,92.7789
Jorhat,Jorhat,2020,1,Road accident,Urban Road,GS Road,Human Error,No,Serious,Side-impact,Traffic Signal,Curved Road,State,Concrete,Wet,Poor,Clear,Double,Faded,Poor,Absent,MG Road,26.7509,94.2037
Dibrugarh,Dibrugarh,2015,3,Road accident,Highway,MG Road,Human Error,No,Fatal,Sideswipe,Traffic Signal,Straight Road,State,Asphalt,Dry,Fair,Rainy,Single,Absent,Poor,Absent,MG Road,27.4705,94.9125
Kamrup Metropolitan Distric Assam,Guwahati,2021,3,Road accident,Highway,NH-37,Human Error,No,Fatal,Head-on,Stop Sign,Curved Road,City,Gravel,Wet,Poor,Clear,Double,Absent,Moderate,Absent,NH-37,26.1158,91.7086
Cachar ,Silchar,2021,3,Road accident,Highway,AT Road,Human Error,No,Minor,Head-on,None,Curved Road,City,Asphalt,Wet,Poor,Clear,Double,Absent,Poor,Absent,GS Road,24.8333,92.7789
Cachar ,Silchar,2015,1,Road accident,Highway,GS Road,Human Error,No,Serious,Side-impact,None,Straight Road,City,Asphalt,Muddy,Poor,Foggy,Single,Absent,Moderate,Present,AT Road,24.8333,92.7789
Dibrugarh,Dibrugarh,2017,2,Road accident,Urban Road,GS Road,Human Error,Yes,Serious,Sideswipe,Traffic Signal,Curved Road,City,Concrete,Muddy,Fair,Clear,Double,Absent,Good,Absent,GS Road,27.4705,94.9125
Kamrup Metropolitan Distric Assam,Guwahati,2021,3,Road accident,Highway,AB Road,Human Error,Yes,Fatal,Sideswipe,None,Straight Road,State,Asphalt,Dry,Good,Foggy,Single,Absent,Poor,Absent,MG Road,26.1158,91.7086
Cachar ,Silchar,2018,3,Road accident,Highway,AB Road,Human Error,Yes,Fatal,Rear-end,None,Curved Road,City,Gravel,Wet,Poor,Foggy,Double,Faded,Moderate,Absent,GS Road,24.8333,92.7789
Kamrup Metropolitan Distric Assam,Guwahati,2015,1,Road accident,Rural Road,MG Road,Human Error,Yes,Minor,Sideswipe,None,Intersection,State,Gravel,Wet,Poor,Foggy,Single,Present,Moderate,Absent,AT Road,26.1158,91.7086
Cachar ,Silchar,2020,3,Road accident,Highway,NH-37,Human Error,Yes,Serious,Rear-end,None,Curved Road,National,Asphalt,Dry,Fair,Foggy,Double,Faded,Good,Present,GS Road,24.8333,92.7789
Dibrugarh,Dibrugarh,2017,2,Road accident,Urban Road,AT Road,Human Error,No,Serious,Rear-end,Stop Sign,Straight Road,National,Gravel,Wet,Good,Rainy,Single,Faded,Poor,Present,AT Road,27.4705,94.9125
Kamrup Metropolitan Distric Assam,Guwahati,2023,4,Road accident,Highway,NH-37,Human Error,No,Minor,Head-on,Stop Sign,Straight Road,State,Concrete,Dry,Poor,Rainy,Double,Faded,Poor,Absent,AT Road,26.1158,91.7086
Cachar ,Silchar,2021,3,Road accident,Rural Road,AT Road,Human Error,No,Serious,Side-impact,Traffic Signal,Curved Road,City,Asphalt,Dry,Good,Clear,Single,Absent,Moderate,Present,AT Road,24.8333,92.7789
Kamrup Metropolitan Distric Assam,Guwahati,2017,1,Road accident,Urban Road,NH-37,Human Error,Yes,Fatal,Sideswipe,Traffic Signal,Curved Road,National,Concrete,Wet,Poor,Clear,Double,Faded,Good,Absent,NH-37,26.1158,91.7086
Kamrup Metropolitan Distric Assam,Guwahati,2015,2,Road accident,Urban Road,MG Road,Human Error,No,Fatal,Side-impact,Stop Sign,Intersection,City,Gravel,Dry,Fair,Clear,Double,Absent,Good,Absent,MG Road,26.1158,91.7086
Cachar ,Silchar,2019,2,Road accident,Highway,AB Road,Human Error,Yes,Serious,Sideswipe,Traffic Signal,Straight Road,National,Asphalt,Wet,Good,Clear,Single,Absent,Good,Absent,NH-37,24.8333,92.7789
Cachar ,Silchar,2021,2,Road accident,Rural Road,AB Road,Human Error,Yes,Minor,Sideswipe,Stop Sign,Intersection,City,Concrete,Muddy,Poor,Rainy,Single,Faded,Poor,Absent,MG Road,24.8333,92.7789
Jorhat,Jorhat,2015,2,Road accident,Urban Road,MG Road,Human Error,No,Fatal,Rear-end,None,Curved Road,City,Asphalt,Wet,Fair,Foggy,Single,Present,Good,Absent,AB Road,26.7509,94.2037
Dibrugarh,Dibrugarh,2019,3,Road accident,Rural Road,MG Road,Human Error,No,Serious,Head-on,None,Straight Road,National,Asphalt,Dry,Good,Rainy,Double,Present,Moderate,Present,AB Road,27.4705,94.9125
cachar ,Silchar,2023,4,Road accident,Highway,AB Road,Human Error,No,Fatal,Head-on,Stop Sign,Curved Road,City,Concrete,Dry,Poor,Clear,Single,Faded,Moderate,Absent,GS Road,24.8333,92.7789
Kamrup Metropolitan Distric Assam,Guwahati,2015,4,Road accident,Urban Road,NH-37,Human Error,Yes,Minor,Rear-end,Traffic Signal,Intersection,National,Concrete,Wet,Good,Rainy,Single,Faded,Moderate,Absent,AB Road,26.1158,91.7086
Jorhat,Jorhat,2018,3,Road accident,Urban Road,MG Road,Human Error,No,Minor,Rear-end,Traffic Signal,Curved Road,State,Asphalt,Muddy,Fair,Foggy,Double,Absent,Moderate,Present,GS Road,26.7509,94.2037
Kampur Metropoliton,Guwahati,2017,4,Road accident,Highway,AB Road,Human Error,No,Serious,Head-on,Traffic Signal,Intersection,City,Gravel,Wet,Poor,Foggy,Double,Faded,Good,Absent,AT Road,26.1158,91.7086
Kamrup Metropolitan Distric Assam,Guwahati,2019,2,Road accident,Rural Road,NH-37,Human Error,Yes,Fatal,Rear-end,None,Intersection,City,Asphalt,Wet,Good,Foggy,Double,Absent,Good,Present,GS Road,26.1158,91.7086
Kamrup Metropolitan Distric Assam,Guwahati,2017,2,Road accident,Urban Road,MG Road,Human Error,Yes,Minor,Side-impact,Stop Sign,Curved Road,City,Asphalt,Dry,Good,Foggy,Double,Absent,Moderate,Present,GS Road,26.1158,91.7086
Jorhat,Jorhat,2023,2,Road accident,Urban Road,AB Road,Human Error,Yes,Minor,Rear-end,Stop Sign,Intersection,City,Asphalt,Muddy,Good,Foggy,Double,Faded,Moderate,Absent,MG Road,26.7509,94.2037
Kamrup Metropolitan Distric Assam,Guwahati,2023,3,Road accident,Rural Road,AT Road,Human Error,No,Serious,Head-on,Traffic Signal,Curved Road,City,Asphalt,Wet,Fair,Clear,Double,Present,Moderate,Present,AB Road,26.1158,91.7086
Kamrup Metropolitan Distric Assam,Guwahati,2022,3,Road accident,Rural Road,AB Road,Human Error,No,Fatal,Sideswipe,Stop Sign,Curved Road,City,Asphalt,Muddy,Fair,Foggy,Single,Faded,Poor,Present,AT Road,26.1158,91.7086
Dibrugarh,Dibrugarh,2017,2,Road accident,Urban Road,MG Road,Human Error,No,Minor,Side-impact,Traffic Signal,Curved Road,State,Concrete,Dry,Good,Clear,Double,Faded,Moderate,Absent,AT Road,27.4705,94.9125
cachar ,Silchar,2018,2,Road accident,Urban Road,GS Road,Human Error,No,Serious,Head-on,None,Curved Road,National,Concrete,Muddy,Good,Foggy,Single,Present,Moderate,Present,MG Road,24.8333,92.7789
Jorhat,Jorhat,2020,1,Road accident,Rural Road,NH-37,Human Error,Yes,Serious,Head-on,Traffic Signal,Intersection,National,Concrete,Dry,Poor,Clear,Single,Present,Good,Absent,GS Road,26.7509,94.2037
Kamrup Metropolitan Distric Assam,Guwahati,2020,3,Road accident,Rural Road,NH-37,Human Error,Yes,Minor,Rear-end,Traffic Signal,Intersection,National,Asphalt,Wet,Poor,Foggy,Double,Absent,Poor,Absent,AB Road,26.1158,91.7086
Kamrup Metropolitan Distric Assam,Guwahati,2018,1,Road accident,Urban Road,GS Road,Human Error,Yes,Serious,Sideswipe,Stop Sign,Curved Road,City,Gravel,Dry,Fair,Rainy,Single,Absent,Poor,Absent,AB Road,26.1158,91.7086
Kamrup Metropolitan Distric Assam,Guwahati,2019,1,Road accident,Urban Road,GS Road,Human Error,No,Minor,Head-on,None,Curved Road,City,Concrete,Wet,Poor,Foggy,Double,Present,Moderate,Absent,GS Road,26.1158,91.7086
Dibrugarh,Dibrugarh,2020,4,Road accident,Highway,AT Road,Human Error,No,Minor,Sideswipe,Stop Sign,Intersection,City,Asphalt,Muddy,Poor,Rainy,Double,Faded,Moderate,Present,MG Road,27.4705,94.9125
Kamrup Metropolitan Distric Assam,Guwahati,2015,3,Road accident,Urban Road,AB Road,Human Error,Yes,Fatal,Side-impact,Traffic Signal,Straight Road,City,Asphalt,Dry,Poor,Clear,Double,Absent,Moderate,Absent,AT Road,26.1158,91.7086
Kamrup Metropolitan Distric Assam,Guwahati,2018,1,Road accident,Highway,AB Road,Human Error,Yes,Minor,Rear-end,Traffic Signal,Intersection,National,Concrete,Dry,Poor,Rainy,Single,Faded,Moderate,Present,AT Road,26.1158,91.7086
Cachar ,Silchar,2019,3,Road accident,Highway,GS Road,Human Error,No,Fatal,Side-impact,None,Straight Road,State,Gravel,Dry,Fair,Foggy,Double,Present,Poor,Absent,AB Road,24.8333,92.7789
Cachar ,Silchar,2016,2,Road accident,Rural Road,AT Road,Human Error,No,Fatal,Sideswipe,None,Straight Road,National,Gravel,Wet,Fair,Foggy,Double,Absent,Moderate,Present,AT Road,24.8333,92.7789
Jorhat,Jorhat,2021,2,Road accident,Highway,AB Road,Human Error,No,Fatal,Sideswipe,None,Intersection,National,Concrete,Dry,Poor,Clear,Single,Faded,Good,Absent,MG Road,26.7509,94.2037
Kamrup Metropolitan Distric Assam,Guwahati,2016,2,Road accident,Urban Road,GS Road,Human Error,No,Minor,Head-on,Stop Sign,Straight Road,City,Asphalt,Dry,Fair,Rainy,Single,Faded,Poor,Absent,NH-37,26.1158,91.7086
Dibrugarh,Dibrugarh,2015,2,Road accident,Urban Road,GS Road,Human Error,No,Minor,Rear-end,None,Curved Road,City,Concrete,Muddy,Poor,Rainy,Single,Absent,Moderate,Present,AT Road,27.4705,94.9125
Dibrugarh,Dibrugarh,2021,4,Road accident,Highway,AB Road,Human Error,Yes,Fatal,Rear-end,Stop Sign,Intersection,City,Concrete,Dry,Fair,Rainy,Single,Faded,Good,Present,AT Road,27.4705,94.9125
Dibrugarh,Dibrugarh,2023,1,Road accident,Urban Road,AT Road,Human Error,No,Serious,Head-on,None,Curved Road,City,Asphalt,Wet,Poor,Rainy,Double,Absent,Poor,Absent,GS Road,27.4705,94.9125
Cachar ,Silchar,2016,3,Road accident,Rural Road,NH-37,Human Error,Yes,Minor,Head-on,Traffic Signal,Straight Road,State,Concrete,Dry,Fair,Clear,Double,Present,Good,Absent,NH-37,24.8333,92.7789
Dibrugarh,Dibrugarh,2020,3,Road accident,Rural Road,AB Road,Human Error,Yes,Minor,Head-on,Stop Sign,Straight Road,State,Gravel,Dry,Poor,Rainy,Single,Present,Poor,Present,NH-37,27.4705,94.9125
Jorhat,Jorhat,2020,1,Road accident,Rural Road,MG Road,Human Error,Yes,Fatal,Head-on,Stop Sign,Curved Road,State,Asphalt,Muddy,Good,Clear,Double,Absent,Moderate,Present,MG Road,26.7509,94.2037
Jorhat,Jorhat,2017,2,Road accident,Highway,AB Road,Human Error,No,Minor,Rear-end,None,Intersection,State,Gravel,Wet,Good,Clear,Single,Absent,Moderate,Absent,GS Road,26.7509,94.2037
Kamrup Metropolitan Distric Assam,Guwahati,2017,2,Road accident,Rural Road,GS Road,Human Error,No,Fatal,Side-impact,Stop Sign,Intersection,National,Gravel,Dry,Good,Foggy,Double,Present,Poor,Present,AT Road,26.1158,91.7086
Cachar ,Silchar,2021,3,Road accident,Rural Road,AT Road,Human Error,No,Fatal,Sideswipe,None,Curved Road,National,Asphalt,Dry,Good,Foggy,Double,Absent,Good,Present,NH-37,24.8333,92.7789
Jorhat,Jorhat,2021,2,Road accident,Highway,NH-37,Human Error,No,Minor,Rear-end,Stop Sign,Intersection,City,Gravel,Wet,Good,Clear,Single,Present,Poor,Absent,NH-37,26.7509,94.2037
Dibrugarh,Dibrugarh,2015,3,Road accident,Rural Road,GS Road,Human Error,No,Minor,Side-impact,Stop Sign,Intersection,City,Concrete,Muddy,Poor,Foggy,Single,Faded,Good,Absent,MG Road,27.4705,94.9125
Cachar ,Silchar,2019,3,Road accident,Rural Road,AT Road,Human Error,No,Serious,Side-impact,None,Curved Road,National,Gravel,Wet,Good,Foggy,Double,Present,Good,Present,AT Road,24.8333,92.7789
Jorhat,Jorhat,2017,2,Road accident,Highway,AB Road,Human Error,Yes,Serious,Side-impact,Traffic Signal,Straight Road,City,Concrete,Muddy,Poor,Foggy,Double,Present,Moderate,Absent,NH-37,26.7509,94.2037
Dibrugarh,Dibrugarh,2023,2,Road accident,Urban Road,GS Road,Human Error,No,Serious,Side-impact,None,Curved Road,State,Gravel,Muddy,Good,Rainy,Single,Absent,Moderate,Absent,GS Road,27.4705,94.9125
Cachar ,Silchar,2022,3,Road accident,Highway,NH-37,Human Error,No,Serious,Head-on,Traffic Signal,Straight Road,National,Asphalt,Wet,Fair,Rainy,Double,Faded,Good,Absent,NH-37,24.8333,92.7789
Kamrup Metropolitan Distric Assam,Guwahati,2016,1,Road accident,Rural Road,GS Road,Human Error,Yes,Serious,Side-impact,Stop Sign,Straight Road,City,Concrete,Muddy,Fair,Rainy,Single,Present,Good,Absent,AB Road,26.1158,91.7086
Cachar ,Silchar,2019,3,Road accident,Urban Road,MG Road,Human Error,Yes,Fatal,Side-impact,Traffic Signal,Straight Road,National,Gravel,Muddy,Fair,Clear,Single,Absent,Poor,Present,AB Road,24.8333,92.7789
Kamrup Metropolitan Distric Assam,Guwahati,2015,4,Road accident,Urban Road,GS Road,Human Error,No,Minor,Rear-end,Traffic Signal,Curved Road,State,Concrete,Dry,Poor,Foggy,Single,Faded,Good,Present,AB Road,26.1158,91.7086
Cachar ,Silchar,2022,4,Road accident,Urban Road,MG Road,Human Error,Yes,Fatal,Sideswipe,None,Curved Road,City,Concrete,Wet,Poor,Rainy,Single,Faded,Moderate,Absent,MG Road,24.8333,92.7789
Kamrup Metropolitan Distric Assam,Guwahati,2016,4,Road accident,Urban Road,GS Road,Human Error,No,Minor,Side-impact,None,Intersection,National,Asphalt,Wet,Fair,Clear,Single,Faded,Good,Absent,MG Road,26.1158,91.7086
Dibrugarh,Dibrugarh,2023,3,Road accident,Urban Road,AB Road,Human Error,Yes,Serious,Side-impact,None,Curved Road,City,Gravel,Muddy,Good,Rainy,Single,Absent,Moderate,Present,AB Road,27.4705,94.9125
Kamrup Metropolitan Distric Assam,Guwahati,2020,3,Road accident,Highway,GS Road,Human Error,No,Minor,Side-impact,Stop Sign,Curved Road,City,Asphalt,Dry,Poor,Clear,Double,Present,Poor,Present,AT Road,26.1158,91.7086
Cachar ,Silchar,2019,3,Road accident,Urban Road,GS Road,Human Error,No,Serious,Head-on,Stop Sign,Intersection,State,Gravel,Dry,Good,Clear,Single,Absent,Poor,Absent,MG Road,24.8333,92.7789
Dibrugarh,Dibrugarh,2019,1,Road accident,Rural Road,AB Road,Human Error,Yes,Minor,Rear-end,Traffic Signal,Intersection,State,Gravel,Wet,Poor,Rainy,Single,Faded,Poor,Absent,AB Road,27.4705,94.9125
Kamrup Metropolitan Distric Assam,Guwahati,2022,4,Road accident,Rural Road,MG Road,Human Error,No,Serious,Side-impact,Stop Sign,Straight Road,State,Gravel,Muddy,Good,Foggy,Single,Absent,Good,Absent,AT Road,26.1158,91.7086
Dibrugarh,Dibrugarh,2017,2,Road accident,Rural Road,NH-37,Human Error,Yes,Fatal,Head-on,None,Straight Road,City,Asphalt,Muddy,Good,Clear,Single,Present,Poor,Present,GS Road,27.4705,94.9125
Dibrugarh,Dibrugarh,2022,1,Road accident,Urban Road,AT Road,Human Error,Yes,Fatal,Side-impact,Traffic Signal,Straight Road,City,Gravel,Wet,Fair,Foggy,Double,Faded,Moderate,Absent,NH-37,27.4705,94.9125
Jorhat,Jorhat,2017,1,Road accident,Rural Road,GS Road,Human Error,Yes,Serious,Side-impact,None,Intersection,State,Asphalt,Dry,Good,Clear,Double,Present,Poor,Present,MG Road,26.7509,94.2037
Dibrugarh,Dibrugarh,2019,1,Road accident,Urban Road,AT Road,Human Error,Yes,Serious,Head-on,None,Straight Road,National,Asphalt,Dry,Poor,Foggy,Single,Present,Good,Absent,AT Road,27.4705,94.9125
Kamrup Metropolitan Distric Assam,Guwahati,2020,1,Road accident,Urban Road,GS Road,Human Error,No,Serious,Side-impact,None,Straight Road,State,Gravel,Dry,Good,Foggy,Double,Present,Moderate,Absent,GS Road,26.1158,91.7086
cachar ,Silchar,2015,3,Road accident,Highway,GS Road,Human Error,Yes,Fatal,Sideswipe,Traffic Signal,Straight Road,State,Concrete,Wet,Fair,Foggy,Single,Faded,Poor,Absent,AT Road,24.8333,92.7789
Dibrugarh,Dibrugarh,2023,4,Road accident,Rural Road,GS Road,Human Error,Yes,Fatal,Rear-end,Stop Sign,Curved Road,State,Asphalt,Wet,Good,Foggy,Double,Present,Moderate,Present,AB Road,27.4705,94.9125
Dibrugarh,Dibrugarh,2018,3,Road accident,Urban Road,AB Road,Human Error,Yes,Fatal,Sideswipe,Traffic Signal,Intersection,State,Gravel,Muddy,Poor,Clear,Single,Faded,Moderate,Present,MG Road,27.4705,94.9125