DISTRICT NAME,UNIT NAME, YEAR,VEHICLE_INVOLVED,ACCIDENT CLASIFICATION,ACCIDENT SPOT,ACCIDENT LOCATION,MAIN CAUSE,HIT-RUN,SEVERITY,COLLISION TYPE,JUNCTION CONTROL,ROAD CHARACTER,ROAD-TYPE,SURFACE-TYPE,SURFACE CONDITION,ROAD CONDITION,WEATHER,LANE-TYPE,ROAD MARKING,SPOT CONDITIONS,SIDE WALK,ACCIDENT-ROAD,Latitude ,Longitude
Kamrup Metropolitan Distric Assam,Guwahati,2020,3,Road accident,Highway,MG Road,Human Error,No,Minor,Sideswipe,Stop Sign,Curved Road,State,Gravel,Dry,Poor,Rainy,Single,Present,Good,Present,NH-37,26.1158,91.7086
Jorhat,Jorhat,2020,2,Road accident,Urban Road,GS Road,Human Error,No,Minor,Rear-end,None,Intersection,National,Asphalt,Muddy,Fair,Rainy,Double,Present,Good,Absent,AB Road,26.7509,94.2037
Cachar ,Silchar,2022,2,Road accident,Urban Road,GS Road,Human Error,No,Serious,Side-impact,Stop Sign,Curved Road,State,Concrete,Dry,Fair,Clear,Single,Absent,Good,Absent,GS Road,24.8333,92.7789
Guwahati,Silchar,2018,3,Road accident,Rural Road,AB Road,Human Error,No,Fatal,Rear-end,Traffic Signal,Intersection,State,Concrete,Wet,Poor,Rainy,Double,Present,Poor,Absent,AB Road,24.8333,92.7789
Dibrugarh,Dibrugarh,2016,2,Road accident,Rural Road,MG Road,Human Error,No,Fatal,Sideswipe,Traffic Signal,Straight Road,City,Gravel,Dry,Good,Rainy,Single,Present,Good,Absent,AB Road,27.4705,94.9125
Cachar ,Silchar,2019,2,Road accident,Highway,AT Road,Human Error,Yes,Minor,Side-impact,None,Intersection,City,Concrete,Muddy,Fair,Clear,Double,Present,Poor,Absent,MG Road,24.8333,92.7789
Dibrugarh,Dibrugarh,2023,3,Road accident,Urban Road,GS Road,Human Error,Yes,Minor,Sideswipe,None,Straight Road,National,Concrete,Dry,Fair,Rainy,Double,Absent,Poor,Absent,MG Road,27.4705,94.9125
Dibrugarh,Dibrugarh,2015,2,Road accident,Rural Road,AT Road,Human Error,No,Fatal,Head-on,Stop Sign,Curved Road,City,Concrete,Wet,Good,Rainy,Single,Faded,Good,Present,GS Road,27.4705,94.9125
Jorhat,Jorhat,2023,2,Road accident,Highway,AB Road,Human Error,No,Minor,Head-on,None,Straight Road,National,Asphalt,Muddy,Good,Rainy,Single,Faded,Good,Present,AT Road,26.7509,94.2037
Itanagar District Arunachal  Pradesh,Itanagar,2019,3,Road accident,Residential,Urban,Human Error,Yes,Fatal,Head-on Collision,None,Straight,City Road,Concrete,Wet,Poor,Clear,Single,Not Visible,Poor Visibility,No,Joram-Koloraing Rd,27.0844,93.6053
Kra Daadi,Palin,2019,2,Road accident,Urban Area,Rural,Human Error,Yes,Fatal,Rear-end Collision,Traffic Signals,Straight,Local Road,Asphalt,Wet,Fair,Clear,Single,Not Visible,Good Lighting,Yes,Sangram-Koloraing Rd,27.726,93.6422
Kra Daadi,Palin,2023,1,Road accident,Intersection,Rural,Human Error,Yes,Fatal,Side-impact,None,Curve,City Road,Asphalt,Dry,Poor,Rainy,Single,Not Visible,Poor Visibility,No,Sangram-Koloraing Rd,27.726,93.6422
Itanagar District Arunachal  Pradesh,Itanagar,2022,1,Road accident,Rural Road,Rural,Human Error,Yes,Non-fatal,Head-on Collision,Yield Sign,Hilly,State Highway,Concrete,Muddy,Fair,Clear,Single,Clear,Poor Lighting,No,Joram-Koloraing Rd,27.0844,93.6053
Anjaw,Hawai,2020,3,Road accident,Intersection,Urban,Human Error,No,Non-fatal,Pedestrian,Traffic Signals,Curve,Local Road,Concrete,Wet,Poor,Rainy,Single,Not Visible,Poor Visibility,No,Office Rd,27.8843,96.8169
Lohit ,Tezu,2019,1,Road accident,Intersection,Urban,Human Error,No,Fatal,Single Vehicle,Stop Sign,Hilly,State Highway,Asphalt,Wet,Good,Rainy,Double,Faded,Good Lighting,Yes,Tezu-Lohitpur Rd,27.9838,96.158001
West Kameng,Bomdila,2023,3,Road accident,Residential,Urban,Human Error,No,Non-fatal,Side-impact,Stop Sign,Straight,Rural Road,Asphalt,Muddy,Poor,Foggy,Single,Faded,Poor Visibility,Yes,"Chariduar-Tawang Rd ,NH 13",27.2645,92.4159
Itanagar District Arunachal  Pradesh,Itanagar,2021,3,Road accident,Rural Road,Urban,Human Error,Yes,Fatal,Side-impact,Traffic Signals,Straight,Local Road,Concrete,Muddy,Good,Rainy,Single,Faded,Good Lighting,Yes,Joram-Koloraing Rd,27.0844,93.6053
Kurung Kumey,Koloriang,2019,3,Road accident,Urban Area,Urban,Human Error,Yes,Fatal,Side-impact,Yield Sign,Hilly,State Highway,Gravel,Wet,Poor,Foggy,Single,Faded,Poor Lighting,No,State Rd,27.9038,93.3534
Lower Dibang Valley,Roing,2023,3,Road accident,Urban Area,Urban,Human Error,No,Non-fatal,Rear-end Collision,Yield Sign,Curve,City Road,Gravel,Dry,Good,Rainy,Double,Not Visible,Good Lighting,Yes,NH 13,28.1179,95.8226
West Kameng,Bomdila,2022,3,Road accident,Highway,Rural,Human Error,No,Non-fatal,Rear-end Collision,None,Curve,State Highway,Gravel,Muddy,Good,Rainy,Double,Clear,Poor Visibility,Yes,"Chariduar-Tawang Rd ,NH 13",27.2645,92.4159
Lower Dibang Valley,Anini,2021,3,Road accident,Highway,Urban,Human Error,No,Fatal,Rear-end Collision,Traffic Signals,Curve,State Highway,Concrete,Wet,Fair,Foggy,Double,Clear,Poor Lighting,Yes,NH 313,28.7972,95.9048
Lepa Rada,Daporijo,2019,2,Road accident,Urban Area,Rural,Human Error,No,Fatal,Rear-end Collision,None,Straight,Local Road,Gravel,Wet,Fair,Rainy,Double,Faded,Poor Lighting,No,NH 13,27.982,94.216
Lepa Rada,Daporijo,2022,2,Road accident,Highway,Urban,Human Error,Yes,Fatal,Head-on Collision,Traffic Signals,Hilly,City Road,Asphalt,Dry,Poor,Rainy,Single,Faded,Poor Lighting,No,NH 13,27.982,94.216
West Kameng,Bomdila,2022,1,Road accident,Intersection,Rural,Human Error,No,Fatal,Rear-end Collision,None,Straight,National Highway,Concrete,Dry,Poor,Rainy,Double,Clear,Poor Visibility,Yes,"Chariduar-Tawang Rd ,NH 13",27.2645,92.4159
West Siang,Aalo,2022,3,Road accident,Highway,Urban,Human Error,Yes,Non-fatal,Single Vehicle,Yield Sign,Straight,National Highway,Asphalt,Muddy,Fair,Foggy,Single,Not Visible,Poor Visibility,Yes,NH 13,28.1628,94.8654
Lower Subansiri,Ziro,2019,1,Road accident,Highway,Rural,Human Error,No,Non-fatal,Pedestrian,None,Straight,State Highway,Concrete,Dry,Fair,Foggy,Single,Clear,Poor Lighting,Yes,"NH 13 ,Salang",27.5449,93.8197
Lower Dibang Valley,Anini,2020,3,Road accident,Highway,Rural,Human Error,No,Fatal,Single Vehicle,Traffic Signals,Straight,State Highway,Concrete,Wet,Fair,Clear,Single,Faded,Poor Lighting,Yes,NH 313,28.7972,95.9048
changlang,Changlang,2019,3,Road accident,Highway,Urban,Human Error,No,Fatal,Side-impact,Stop Sign,Straight,State Highway,Gravel,Wet,Fair,Rainy,Single,Faded,Poor Lighting,Yes,NH 215,27.1355,95.7364
Lower Dibang Valley,Roing,2021,2,Road accident,Rural Road,Urban,Human Error,No,Non-fatal,Side-impact,Traffic Signals,Straight,Local Road,Asphalt,Wet,Good,Rainy,Double,Not Visible,Poor Visibility,Yes,NH 13,28.1179,95.8226
Longding,Longding,2020,1,Road accident,Intersection,Rural,Human Error,Yes,Fatal,Single Vehicle,Stop Sign,Curve,City Road,Gravel,Wet,Poor,Rainy,Single,Not Visible,Poor Visibility,Yes,Village Rd,26.8372,95.3521
East Siang,Pasighat,2023,2,Road accident,Rural Road,Urban,Human Error,No,Fatal,Rear-end Collision,Traffic Signals,Hilly,Rural Road,Concrete,Wet,Good,Rainy,Single,Faded,Poor Lighting,Yes,State Rd,28.0632,95.3239
East Kameng,Seppa,2023,2,Road accident,Residential,Urban,Human Error,Yes,Non-fatal,Side-impact,Stop Sign,Curve,National Highway,Concrete,Wet,Poor,Foggy,Double,Not Visible,Poor Visibility,No,State Rd,27.361,93.0393
changlang,Changlang,2020,2,Road accident,Urban Area,Urban,Human Error,Yes,Fatal,Pedestrian,Stop Sign,Straight,State Highway,Asphalt,Dry,Fair,Clear,Double,Clear,Poor Visibility,Yes,NH 215,27.1355,95.7364
changlang,Changlang,2022,2,Road accident,Highway,Rural,Human Error,Yes,Fatal,Side-impact,Yield Sign,Straight,Local Road,Asphalt,Muddy,Fair,Rainy,Double,Faded,Poor Lighting,Yes,NH 215,27.1355,95.7364
Kamle,Raga,2021,1,Road accident,Rural Road,Urban,Human Error,No,Fatal,Single Vehicle,None,Straight,National Highway,Concrete,Wet,Fair,Clear,Single,Not Visible,Good Lighting,Yes,NH13,27.7996,94.0747
Namsai,Namsai,2020,3,Road accident,Intersection,Rural,Human Error,Yes,Fatal,Single Vehicle,Yield Sign,Straight,City Road,Gravel,Wet,Good,Rainy,Single,Clear,Poor Lighting,Yes,State Rd,27.6666,95.8626
Namsai,Namsai,2021,2,Road accident,Urban Area,Rural,Human Error,Yes,Non-fatal,Single Vehicle,Stop Sign,Straight,State Highway,Concrete,Muddy,Poor,Clear,Single,Clear,Good Lighting,No,State Rd,27.6666,95.8626
Upper Siang,Yingkiong,2021,3,Road accident,Urban Area,Urban,Human Error,No,Fatal,Single Vehicle,None,Hilly,National Highway,Asphalt,Wet,Poor,Foggy,Double,Clear,Poor Visibility,Yes,NH 513,28.6236,95.0365
West Kameng,Bomdila,2023,3,Road accident,Intersection,Rural,Human Error,Yes,Non-fatal,Pedestrian,None,Curve,Rural Road,Concrete,Dry,Good,Rainy,Single,Clear,Poor Lighting,No,"Chariduar-Tawang Rd ,NH 13",27.2645,92.4159
Lower Dibang Valley,Roing,2021,1,Road accident,Rural Road,Urban,Human Error,Yes,Non-fatal,Head-on Collision,Stop Sign,Hilly,City Road,Asphalt,Muddy,Fair,Foggy,Double,Faded,Poor Lighting,No,NH 13,28.1179,95.8226
Lohit ,Tezu,2021,2,Road accident,Intersection,Urban,Human Error,Yes,Fatal,Head-on Collision,Traffic Signals,Straight,State Highway,Asphalt,Dry,Good,Foggy,Single,Clear,Poor Lighting,Yes,Tezu-Lohitpur Rd,27.9838,96.158001
East Kameng,Seppa,2021,2,Road accident,Rural Road,Rural,Human Error,No,Fatal,Head-on Collision,Traffic Signals,Curve,Rural Road,Concrete,Muddy,Fair,Rainy,Double,Clear,Poor Visibility,No,State Rd,27.361,93.0393
West Kameng,Bomdila,2019,3,Road accident,Highway,Rural,Human Error,No,Non-fatal,Head-on Collision,Yield Sign,Hilly,State Highway,Concrete,Muddy,Fair,Clear,Single,Faded,Good Lighting,No,"Chariduar-Tawang Rd ,NH 13",27.2645,92.4159
East Kameng,Seppa,2022,1,Road accident,Residential,Rural,Human Error,Yes,Fatal,Single Vehicle,Yield Sign,Curve,City Road,Concrete,Dry,Poor,Rainy,Double,Clear,Good Lighting,No,State Rd,27.361,93.0393
East Kameng,Seppa,2020,2,Road accident,Urban Area,Rural,Human Error,No,Fatal,Single Vehicle,Traffic Signals,Hilly,City Road,Asphalt,Dry,Good,Foggy,Single,Not Visible,Good Lighting,No,State Rd,27.361,93.0393
Itanagar District Arunachal  Pradesh,Itanagar,2019,1,Road accident,Rural Road,Rural,Human Error,Yes,Non-fatal,Side-impact,Yield Sign,Curve,Local Road,Concrete,Wet,Poor,Foggy,Double,Clear,Poor Visibility,Yes,Joram-Koloraing Rd,27.0844,93.6053
East Siang,Pasighat,2019,1,Road accident,Intersection,Urban,Human Error,Yes,Non-fatal,Rear-end Collision,Yield Sign,Straight,Local Road,Concrete,Muddy,Fair,Foggy,Single,Faded,Good Lighting,Yes,State Rd,28.0632,95.3239
East Kameng,Seppa,2023,2,Road accident,Urban Area,Rural,Human Error,Yes,Fatal,Pedestrian,Traffic Signals,Hilly,City Road,Concrete,Wet,Poor,Foggy,Double,Not Visible,Poor Lighting,No,State Rd,27.361,93.0393
Tirap,Khonsa,2020,2,Road accident,Intersection,Urban,Human Error,Yes,Fatal,Side-impact,Traffic Signals,Curve,City Road,Gravel,Wet,Poor,Clear,Single,Not Visible,Poor Visibility,Yes,State Rd,26.9926,95.5014
West Siang,Aalo,2019,2,Road accident,Intersection,Urban,Human Error,No,Fatal,Head-on Collision,Traffic Signals,Straight,City Road,Concrete,Dry,Poor,Rainy,Single,Not Visible,Poor Lighting,No,NH 13,28.1628,94.8654
Kra Daadi,Palin,2022,2,Road accident,Intersection,Rural,Human Error,Yes,Non-fatal,Rear-end Collision,Traffic Signals,Straight,City Road,Gravel,Dry,Poor,Clear,Single,Not Visible,Good Lighting,Yes,Sangram-Koloraing Rd,27.726,93.6422
West Siang,Aalo,2022,1,Road accident,Urban Area,Rural,Human Error,No,Fatal,Pedestrian,Stop Sign,Straight,National Highway,Gravel,Dry,Good,Rainy,Double,Faded,Good Lighting,Yes,NH 13,28.1628,94.8654
Lower Dibang Valley,Roing,2021,2,Road accident,Residential,Rural,Human Error,No,Fatal,Side-impact,Stop Sign,Curve,Rural Road,Gravel,Wet,Poor,Foggy,Double,Not Visible,Good Lighting,No,NH 13,28.1179,95.8226
West Siang,Aalo,2023,1,Road accident,Highway,Rural,Human Error,No,Fatal,Rear-end Collision,None,Straight,City Road,Gravel,Wet,Good,Clear,Single,Faded,Poor Lighting,No,NH 13,28.1628,94.8654
East Siang,Pasighat,2023,1,Road accident,Intersection,Rural,Human Error,Yes,Fatal,Side-impact,Traffic Signals,Hilly,Local Road,Concrete,Muddy,Fair,Clear,Double,Not Visible,Poor Lighting,Yes,State Rd,28.0632,95.3239
Longding,Longding,2023,1,Road accident,Urban Area,Urban,Human Error,No,Fatal,Single Vehicle,Stop Sign,Hilly,City Road,Asphalt,Dry,Good,Foggy,Single,Faded,Poor Visibility,Yes,Village Rd,26.8372,95.3521
Itanagar,Itanagar,2023,2,Road accident,Highway,Urban,Human Error,No,Non-fatal,Pedestrian,None,Curve,National Highway,Gravel,Dry,Good,Rainy,Single,Not Visible,Poor Visibility,No,Joram-Koloraing Rd,27.0844,93.6053
Tirap,Khonsa,2023,1,Road accident,Residential,Urban,Human Error,Yes,Fatal,Single Vehicle,Yield Sign,Curve,City Road,Asphalt,Muddy,Good,Rainy,Double,Faded,Poor Lighting,Yes,State Rd,26.9926,95.5014
Tirap,Khonsa,2021,2,Road accident,Residential,Rural,Human Error,Yes,Fatal,Single Vehicle,Traffic Signals,Straight,City Road,Concrete,Wet,Good,Foggy,Double,Faded,Good Lighting,Yes,State Rd,26.9926,95.5014
East Siang,Pasighat,2022,2,Road accident,Highway,Rural,Human Error,Yes,Non-fatal,Side-impact,None,Straight,State Highway,Asphalt,Dry,Poor,Foggy,Double,Faded,Good Lighting,No,State Rd,28.0632,95.3239
Lohit,Tezu,2023,3,Road accident,Highway,Urban,Human Error,No,Non-fatal,Side-impact,Stop Sign,Hilly,Local Road,Concrete,Muddy,Poor,Foggy,Single,Faded,Poor Lighting,Yes,Tezu-Lohitpur Rd,27.9838,96.158001
Lower Subansiri,Ziro,2020,2,Road accident,Urban Area,Rural,Human Error,Yes,Non-fatal,Pedestrian,Traffic Signals,Hilly,Local Road,Concrete,Dry,Poor,Clear,Single,Faded,Poor Visibility,No,"NH 13 ,Salang",27.5449,93.8197
East Siang,Pasighat,2019,3,Road accident,Intersection,Rural,Human Error,No,Non-fatal,Single Vehicle,Traffic Signals,Straight,National Highway,Asphalt,Muddy,Good,Rainy,Single,Faded,Good Lighting,No,State Rd,28.0632,95.3239
Lower Subansiri,Ziro,2022,3,Road accident,Intersection,Rural,Human Error,Yes,Non-fatal,Head-on Collision,Yield Sign,Straight,Rural Road,Gravel,Muddy,Good,Clear,Single,Faded,Good Lighting,Yes,"NH 13 ,Salang",27.5449,93.8197
Longding,Longding,2020,3,Road accident,Highway,Urban,Human Error,Yes,Non-fatal,Head-on Collision,Traffic Signals,Straight,Rural Road,Concrete,Wet,Poor,Foggy,Single,Not Visible,Good Lighting,Yes,Village Rd,26.8372,95.3521
kurung kumey,Koloriang,2019,3,Road accident,Highway,Rural,Human Error,No,Fatal,Head-on Collision,None,Straight,Local Road,Gravel,Dry,Poor,Foggy,Double,Faded,Poor Visibility,Yes,State Rd,27.9038,93.3534
Seppa,Seppa,2021,1,Road accident,Residential,Urban,Human Error,No,Fatal,Single Vehicle,Stop Sign,Hilly,City Road,Asphalt,Muddy,Good,Rainy,Single,Clear,Good Lighting,No,State Rd,27.361,93.0393
East Siang,Pasighat,2020,3,Road accident,Rural Road,Rural,Human Error,Yes,Non-fatal,Head-on Collision,Yield Sign,Hilly,Rural Road,Gravel,Muddy,Poor,Clear,Single,Not Visible,Good Lighting,No,State Rd,28.0632,95.3239
Lower Subansiri,Ziro,2021,2,Road accident,Rural Road,Rural,Human Error,No,Fatal,Rear-end Collision,Stop Sign,Hilly,Rural Road,Gravel,Wet,Poor,Clear,Double,Not Visible,Poor Lighting,No,"NH 13 ,Salang",27.5449,93.8197
Seppa,Seppa,2021,1,Road accident,Urban Area,Urban,Human Error,Yes,Fatal,Head-on Collision,Traffic Signals,Hilly,City Road,Gravel,Dry,Fair,Rainy,Double,Faded,Poor Visibility,No,State Rd,27.361,93.0393
Seppa,Seppa,2022,1,Road accident,Highway,Rural,Human Error,No,Non-fatal,Head-on Collision,Stop Sign,Straight,Rural Road,Gravel,Wet,Good,Rainy,Double,Faded,Poor Visibility,No,State Rd,27.361,93.0393
kurung kumey,Koloriang,2021,2,Road accident,Intersection,Rural,Human Error,No,Non-fatal,Pedestrian,Yield Sign,Hilly,National Highway,Concrete,Wet,Poor,Clear,Single,Not Visible,Poor Lighting,Yes,State Rd,27.9038,93.3534
Longding,Longding,2022,1,Road accident,Urban Area,Rural,Human Error,No,Non-fatal,Side-impact,Traffic Signals,Curve,Local Road,Asphalt,Muddy,Fair,Foggy,Double,Clear,Poor Visibility,No,Village Rd,26.8372,95.3521
Yingkiong,Yingkiong,2021,2,Road accident,Rural Road,Urban,Human Error,No,Fatal,Single Vehicle,None,Straight,City Road,Gravel,Dry,Poor,Clear,Double,Clear,Poor Visibility,No,NH 513,28.6236,95.0365
Lohit,Tezu,2022,2,Road accident,Rural Road,Rural,Human Error,No,Fatal,Rear-end Collision,Traffic Signals,Hilly,National Highway,Asphalt,Wet,Poor,Rainy,Single,Faded,Good Lighting,No,Tezu-Lohitpur Rd,27.9838,96.158001
Kra Daadi,Palin,2019,3,Road accident,Highway,Rural,Human Error,No,Non-fatal,Head-on Collision,Stop Sign,Hilly,State Highway,Gravel,Dry,Fair,Foggy,Double,Faded,Good Lighting,Yes,Sangram-Koloraing Rd,27.726,93.6422
Namsai,Namsai,2021,2,Road accident,Highway,Rural,Human Error,No,Fatal,Single Vehicle,Yield Sign,Hilly,Local Road,Asphalt,Dry,Fair,Rainy,Single,Clear,Poor Lighting,Yes,State Rd,27.6666,95.8626
East Siang,Pasighat,2021,2,Road accident,Residential,Rural,Human Error,Yes,Non-fatal,Head-on Collision,Traffic Signals,Straight,Rural Road,Concrete,Wet,Good,Clear,Double,Clear,Poor Lighting,Yes,State Rd,28.0632,95.3239
Lower Subansiri,Ziro,2023,1,Road accident,Intersection,Rural,Human Error,Yes,Non-fatal,Pedestrian,Yield Sign,Curve,State Highway,Gravel,Wet,Good,Foggy,Double,Clear,Poor Visibility,Yes,"NH 13 ,Salang",27.5449,93.8197
West Siang,Aalo,2023,1,Road accident,Residential,Urban,Human Error,Yes,Non-fatal,Head-on Collision,None,Hilly,Local Road,Concrete,Wet,Poor,Rainy,Single,Not Visible,Poor Lighting,No,NH 13,28.1628,94.8654
Yingkiong,Yingkiong,2023,1,Road accident,Highway,Urban,Human Error,Yes,Non-fatal,Pedestrian,Yield Sign,Curve,City Road,Gravel,Dry,Poor,Rainy,Single,Faded,Good Lighting,Yes,NH 513,28.6236,95.0365
Longding,Longding,2023,3,Road accident,Intersection,Rural,Human Error,No,Non-fatal,Single Vehicle,Stop Sign,Hilly,City Road,Asphalt,Wet,Poor,Clear,Single,Not Visible,Poor Lighting,No,Village Rd,26.8372,95.3521
Namsai,Namsai,2020,3,Road accident,Residential,Rural,Human Error,Yes,Non-fatal,Pedestrian,Yield Sign,Straight,State Highway,Concrete,Wet,Poor,Foggy,Double,Faded,Poor Visibility,Yes,State Rd,27.6666,95.8626
Namsai,Namsai,2023,2,Road accident,Urban Area,Urban,Human Error,No,Fatal,Rear-end Collision,None,Straight,Rural Road,Gravel,Muddy,Fair,Rainy,Double,Clear,Poor Lighting,Yes,State Rd,27.6666,95.8626
West Kameng,Bomdila,2022,1,Road accident,Residential,Rural,Human Error,No,Fatal,Side-impact,None,Straight,State Highway,Gravel,Dry,Fair,Rainy,Double,Faded,Poor Visibility,No,"Chariduar-Tawang Rd ,NH 13",27.2645,92.4159
Longding,Longding,2023,3,Road accident,Residential,Rural,Human Error,No,Fatal,Single Vehicle,Yield Sign,Curve,Local Road,Gravel,Muddy,Fair,Clear,Single,Not Visible,Good Lighting,No,Village Rd,26.8372,95.3521
Longding,Longding,2022,1,Road accident,Intersection,Rural,Human Error,No,Non-fatal,Pedestrian,Traffic Signals,Hilly,National Highway,Gravel,Muddy,Good,Rainy,Double,Clear,Good Lighting,Yes,Village Rd,26.8372,95.3521
Yingkiong,Yingkiong,2019,1,Road accident,Highway,Rural,Human Error,Yes,Fatal,Head-on Collision,None,Straight,Local Road,Concrete,Muddy,Poor,Clear,Single,Faded,Poor Visibility,No,NH 513,28.6236,95.0365
Longding,Longding,2023,1,Road accident,Urban Area,Rural,Human Error,Yes,Fatal,Head-on Collision,Traffic Signals,Curve,Rural Road,Gravel,Wet,Good,Clear,Double,Not Visible,Poor Visibility,Yes,Village Rd,26.8372,95.3521
Kamle,Raga,2021,1,Road accident,Residential,Rural,Human Error,Yes,Fatal,Side-impact,Traffic Signals,Hilly,Local Road,Gravel,Dry,Fair,Clear,Double,Not Visible,Good Lighting,Yes,NH13,27.7996,94.0747
Anjaw,Hawai,2023,3,Road accident,Intersection,Rural,Human Error,Yes,Non-fatal,Rear-end Collision,None,Curve,Rural Road,Gravel,Wet,Good,Foggy,Double,Faded,Poor Lighting,Yes,Office Rd,27.8843,96.8169
Lepa Rada,Daporijo,2022,1,Road accident,Rural Road,Rural,Human Error,Yes,Non-fatal,Single Vehicle,None,Hilly,Rural Road,Gravel,Dry,Poor,Clear,Double,Not Visible,Poor Visibility,No,NH 13,27.982,94.216
Lepa Rada,Daporijo,2022,2,Road accident,Residential,Urban,Human Error,Yes,Fatal,Rear-end Collision,Traffic Signals,Curve,State Highway,Asphalt,Muddy,Good,Clear,Double,Clear,Poor Visibility,No,NH 13,27.982,94.216
Seppa,Seppa,2022,2,Road accident,Rural Road,Urban,Human Error,No,Non-fatal,Head-on Collision,None,Straight,National Highway,Concrete,Wet,Poor,Foggy,Single,Not Visible,Poor Visibility,Yes,State Rd,27.361,93.0393
Lower Dibang Valley,Anini,2022,1,Road accident,Urban Area,Rural,Human Error,No,Non-fatal,Head-on Collision,Stop Sign,Hilly,National Highway,Gravel,Dry,Fair,Clear,Double,Not Visible,Good Lighting,No,NH 313,28.7972,95.9048
Anjaw,Hawai,2021,2,Road accident,Urban Area,Rural,Human Error,Yes,Non-fatal,Rear-end Collision,Stop Sign,Hilly,State Highway,Concrete,Wet,Fair,Foggy,Double,Faded,Poor Visibility,No,Office Rd,27.8843,96.8169
West Kameng,Bomdila,2020,2,Road accident,Urban Area,Rural,Human Error,No,Non-fatal,Side-impact,Yield Sign,Curve,National Highway,Gravel,Dry,Good,Rainy,Single,Clear,Poor Lighting,Yes,"Chariduar-Tawang Rd ,NH 13",27.2645,92.4159
Lohit,Tezu,2019,3,Road accident,Rural Road,Rural,Human Error,Yes,Fatal,Single Vehicle,Stop Sign,Hilly,Local Road,Asphalt,Muddy,Poor,Clear,Double,Faded,Poor Visibility,No,Tezu-Lohitpur Rd,27.9838,96.158001
kurung kumey,Koloriang,2021,2,Road accident,Highway,Urban,Human Error,No,Non-fatal,Head-on Collision,Stop Sign,Straight,Rural Road,Gravel,Dry,Poor,Foggy,Single,Faded,Poor Visibility,No,State Rd,27.9038,93.3534
Tirap,Khonsa,2020,3,Road accident,Highway,Urban,Human Error,No,Non-fatal,Single Vehicle,Traffic Signals,Hilly,City Road,Asphalt,Muddy,Poor,Clear,Single,Not Visible,Poor Visibility,Yes,State Rd,26.9926,95.5014
Tawang,Tawang,2023,3,Road accident,Highway,Urban,Human Error,No,Non-fatal,Single Vehicle,Traffic Signals,Hilly,National Highway,Gravel,Muddy,Fair,Foggy,Single,Faded,Poor Lighting,No,Hilly Rd,27.5861,91.9594
Lower Dibang Valley,Roing,2021,2,Road accident,Residential,Urban,Human Error,No,Non-fatal,Pedestrian,None,Straight,City Road,Asphalt,Muddy,Good,Clear,Single,Clear,Poor Lighting,Yes,NH 13,28.1179,95.8226
Itanagar,Itanagar,2021,1,Road accident,Intersection,Rural,Human Error,No,Fatal,Pedestrian,None,Straight,City Road,Gravel,Dry,Fair,Clear,Single,Clear,Poor Visibility,No,Joram-Koloraing Rd,27.0844,93.6053
Tawang,Tawang,2020,3,Road accident,Urban Area,Rural,Human Error,Yes,Non-fatal,Side-impact,Stop Sign,Curve,Local Road,Gravel,Muddy,Fair,Rainy,Single,Clear,Poor Lighting,No,Hilly Rd,27.5861,91.9594
Namsai,Namsai,2022,3,Road accident,Rural Road,Rural,Human Error,No,Non-fatal,Side-impact,Stop Sign,Curve,State Highway,Asphalt,Muddy,Fair,Clear,Single,Faded,Poor Visibility,No,State Rd,27.6666,95.8626
Kra Daadi,Palin,2022,3,Road accident,Rural Road,Urban,Human Error,No,Non-fatal,Head-on Collision,Traffic Signals,Straight,National Highway,Concrete,Wet,Poor,Clear,Single,Faded,Poor Lighting,No,Sangram-Koloraing Rd,27.726,93.6422
Lower Dibang Valley,Anini,2023,2,Road accident,Urban Area,Rural,Human Error,No,Fatal,Head-on Collision,None,Hilly,State Highway,Gravel,Wet,Fair,Rainy,Single,Clear,Good Lighting,No,NH 313,28.7972,95.9048
East Siang,Pasighat,2023,3,Road accident,Intersection,Rural,Human Error,No,Non-fatal,Side-impact,Traffic Signals,Hilly,National Highway,Concrete,Dry,Poor,Rainy,Double,Faded,Poor Visibility,No,State Rd,28.0632,95.3239
Kamle,Raga,2022,2,Road accident,Residential,Urban,Human Error,Yes,Non-fatal,Side-impact,Stop Sign,Hilly,Local Road,Asphalt,Wet,Good,Foggy,Double,Not Visible,Good Lighting,No,NH13,27.7996,94.0747
Kamle,Raga,2019,1,Road accident,Urban Area,Urban,Human Error,No,Fatal,Single Vehicle,Yield Sign,Curve,Local Road,Concrete,Dry,Poor,Foggy,Double,Clear,Poor Lighting,Yes,NH13,27.7996,94.0747
Lower Dibang Valley,Anini,2022,3,Road accident,Residential,Urban,Human Error,Yes,Non-fatal,Head-on Collision,None,Hilly,Rural Road,Gravel,Dry,Good,Foggy,Double,Clear,Poor Visibility,No,NH 313,28.7972,95.9048
Kra Daadi,Palin,2021,1,Road accident,Intersection,Urban,Human Error,Yes,Non-fatal,Head-on Collision,None,Straight,Rural Road,Asphalt,Dry,Poor,Foggy,Double,Not Visible,Good Lighting,No,Sangram-Koloraing Rd,27.726,93.6422
Kamle,Raga,2020,1,Road accident,Rural Road,Urban,Human Error,Yes,Fatal,Single Vehicle,Yield Sign,Curve,Rural Road,Asphalt,Muddy,Good,Rainy,Single,Clear,Poor Lighting,No,NH13,27.7996,94.0747
Anjaw,Hawai,2023,2,Road accident,Urban Area,Rural,Human Error,No,Fatal,Single Vehicle,Stop Sign,Curve,State Highway,Asphalt,Wet,Fair,Clear,Single,Clear,Good Lighting,No,Office Rd,27.8843,96.8169
West Siang,Aalo,2019,2,Road accident,Highway,Rural,Human Error,No,Non-fatal,Side-impact,None,Curve,Rural Road,Concrete,Muddy,Good,Clear,Single,Not Visible,Poor Visibility,No,NH 13,28.1628,94.8654
Lower Dibang Valley,Anini,2022,2,Road accident,Intersection,Urban,Human Error,No,Fatal,Head-on Collision,Yield Sign,Straight,Rural Road,Gravel,Muddy,Poor,Foggy,Single,Not Visible,Poor Lighting,Yes,NH 313,28.7972,95.9048
East Siang,Pasighat,2020,1,Road accident,Residential,Rural,Human Error,Yes,Fatal,Side-impact,Traffic Signals,Hilly,National Highway,Gravel,Dry,Good,Rainy,Single,Not Visible,Poor Visibility,No,State Rd,28.0632,95.3239
Tawang,Tawang,2021,2,Road accident,Intersection,Rural,Human Error,No,Fatal,Rear-end Collision,Yield Sign,Hilly,City Road,Concrete,Muddy,Fair,Foggy,Double,Faded,Good Lighting,No,Hilly Rd,27.5861,91.9594
Lower Dibang Valley,Roing,2023,2,Road accident,Intersection,Rural,Human Error,Yes,Fatal,Single Vehicle,Stop Sign,Straight,National Highway,Asphalt,Muddy,Poor,Clear,Double,Not Visible,Poor Lighting,No,NH 13,28.1179,95.8226