DISTRICT NAME,UNIT NAME, YEAR,VEHICLE_INVOLVED,ACCIDENT CLASIFICATION,ACCIDENT SPOT,ACCIDENT LOCATION,MAIN CAUSE,HIT-RUN,SEVERITY,COLLISION TYPE,JUNCTION CONTROL,ROAD CHARACTER,ROAD-TYPE,SURFACE-TYPE,SURFACE CONDITION,ROAD CONDITION,WEATHER,LANE-TYPE,ROAD MARKING,SPOT CONDITIONS,SIDE WALK,ACCIDENT-ROAD,Latitude ,Longitude
Lower Subansiri,Ziro,2019,3,Road accident,Residential,Rural,Human Error,Yes,Fatal,Single Vehicle,Traffic Signals,Hilly,Local Road,Concrete,Muddy,Good,Foggy,Single,Not Visible,Good Lighting,No,"NH 13 ,Salang",27.5449,93.8197
Tirap,Khonsa,2023,2,Road accident,Rural Road,Urban,Human Error,Yes,Non-fatal,Pedestrian,None,Straight,National Highway,Asphalt,Wet,Fair,Rainy,Double,Not Visible,Good Lighting,Yes,State Rd,26.9926,95.5014
Yingkiong,Yingkiong,2021,2,Road accident,Highway,Rural,Human Error,Yes,Non-fatal,Head-on Collision,Yield Sign,Curve,Rural Road,Concrete,Dry,Good,Rainy,Double,Clear,Poor Lighting,Yes,NH 513,28.6236,95.0365
Lepa Rada,Daporijo,2021,3,Road accident,Intersection,Rural,Human Error,No,Non-fatal,Rear-end Collision,None,Curve,State Highway,Gravel,Dry,Good,Foggy,Single,Clear,Good Lighting,Yes,NH 13,27.982,94.216
Longding,Longding,2020,1,Road accident,Highway,Urban,Human Error,Yes,Non-fatal,Single Vehicle,Yield Sign,Hilly,Local Road,Asphalt,Wet,Fair,Clear,Double,Faded,Poor Lighting,Yes,Village Rd,26.8372,95.3521
Namsai,Namsai,2020,1,Road accident,Highway,Urban,Human Error,No,Fatal,Head-on Collision,Traffic Signals,Hilly,Local Road,Gravel,Wet,Good,Rainy,Double,Faded,Good Lighting,No,State Rd,27.6666,95.8626
Namsai,Namsai,2023,2,Road accident,Urban Area,Urban,Human Error,No,Non-fatal,Side-impact,Stop Sign,Hilly,City Road,Asphalt,Dry,Fair,Foggy,Single,Not Visible,Poor Visibility,Yes,State Rd,27.6666,95.8626
Seppa,Seppa,2020,3,Road accident,Urban Area,Urban,Human Error,No,Non-fatal,Side-impact,Stop Sign,Hilly,State Highway,Asphalt,Dry,Poor,Clear,Single,Faded,Poor Lighting,No,State Rd,27.361,93.0393
Lepa Rada,Daporijo,2022,1,Road accident,Highway,Urban,Human Error,No,Non-fatal,Pedestrian,None,Hilly,State Highway,Asphalt,Muddy,Fair,Rainy,Single,Faded,Poor Visibility,Yes,NH 13,27.982,94.216
Lohit,Tezu,2019,3,Road accident,Highway,Urban,Human Error,Yes,Fatal,Head-on Collision,Traffic Signals,Curve,State Highway,Concrete,Dry,Poor,Clear,Double,Not Visible,Good Lighting,No,Tezu-Lohitpur Rd,27.9838,96.158001
Tawang,Tawang,2021,3,Road accident,Rural Road,Urban,Human Error,Yes,Non-fatal,Rear-end Collision,None,Hilly,National Highway,Gravel,Muddy,Poor,Rainy,Single,Not Visible,Poor Lighting,No,Hilly Rd,27.5861,91.9594
Longding,Longding,2021,3,Road accident,Rural Road,Rural,Human Error,No,Fatal,Pedestrian,None,Hilly,State Highway,Asphalt,Dry,Good,Foggy,Double,Not Visible,Good Lighting,No,Village Rd,26.8372,95.3521
Lower Subansiri,Ziro,2019,1,Road accident,Intersection,Urban,Human Error,No,Non-fatal,Head-on Collision,Yield Sign,Straight,National Highway,Asphalt,Muddy,Poor,Foggy,Single,Clear,Poor Lighting,Yes,"NH 13 ,Salang",27.5449,93.8197
Kamle,Raga,2020,2,Road accident,Rural Road,Rural,Human Error,Yes,Fatal,Side-impact,Yield Sign,Straight,Rural Road,Gravel,Muddy,Good,Rainy,Double,Faded,Good Lighting,Yes,NH13,27.7996,94.0747
Itanagar,Itanagar,2019,3,Road accident,Residential,Rural,Human Error,Yes,Non-fatal,Pedestrian,Traffic Signals,Curve,National Highway,Gravel,Wet,Fair,Clear,Double,Faded,Poor Visibility,No,Joram-Koloraing Rd,27.0844,93.6053
Tawang,Tawang,2021,1,Road accident,Residential,Urban,Human Error,Yes,Fatal,Rear-end Collision,Yield Sign,Hilly,State Highway,Gravel,Muddy,Fair,Rainy,Double,Not Visible,Good Lighting,No,Hilly Rd,27.5861,91.9594
Anjaw,Hawai,2021,1,Road accident,Rural Road,Rural,Human Error,No,Fatal,Side-impact,None,Curve,Local Road,Asphalt,Wet,Poor,Clear,Double,Faded,Poor Visibility,Yes,Office Rd,27.8843,96.8169
Yingkiong,Yingkiong,2020,2,Road accident,Rural Road,Rural,Human Error,Yes,Fatal,Side-impact,None,Hilly,City Road,Gravel,Wet,Poor,Foggy,Single,Clear,Poor Lighting,No,NH 513,28.6236,95.0365
kurung kumey,Koloriang,2021,2,Road accident,Residential,Rural,Human Error,No,Fatal,Pedestrian,None,Hilly,City Road,Concrete,Wet,Good,Clear,Single,Not Visible,Poor Lighting,Yes,State Rd,27.9038,93.3534
Tirap,Khonsa,2020,2,Road accident,Highway,Urban,Human Error,No,Fatal,Pedestrian,Yield Sign,Hilly,Rural Road,Asphalt,Muddy,Fair,Clear,Single,Faded,Poor Lighting,No,State Rd,26.9926,95.5014
Lohit,Tezu,2022,1,Road accident,Highway,Rural,Human Error,No,Fatal,Side-impact,Stop Sign,Curve,State Highway,Asphalt,Wet,Good,Foggy,Single,Clear,Good Lighting,No,Tezu-Lohitpur Rd,27.9838,96.158001
Kra Daadi,Palin,2022,3,Road accident,Residential,Rural,Human Error,No,Fatal,Pedestrian,Stop Sign,Hilly,City Road,Concrete,Dry,Poor,Clear,Single,Faded,Poor Lighting,No,Sangram-Koloraing Rd,27.726,93.6422
Anjaw,Hawai,2023,1,Road accident,Urban Area,Urban,Human Error,No,Non-fatal,Pedestrian,Traffic Signals,Curve,Local Road,Asphalt,Dry,Poor,Foggy,Double,Faded,Good Lighting,Yes,Office Rd,27.8843,96.8169
Lower Dibang Valley,Anini,2019,3,Road accident,Intersection,Rural,Human Error,No,Non-fatal,Head-on Collision,Traffic Signals,Hilly,Rural Road,Gravel,Dry,Good,Clear,Single,Not Visible,Poor Lighting,Yes,NH 313,28.7972,95.9048
East Siang,Pasighat,2021,1,Road accident,Residential,Rural,Human Error,Yes,Non-fatal,Pedestrian,Traffic Signals,Hilly,State Highway,Gravel,Dry,Good,Clear,Double,Clear,Good Lighting,No,State Rd,28.0632,95.3239
Kra Daadi,Palin,2022,2,Road accident,Intersection,Rural,Human Error,No,Fatal,Rear-end Collision,Stop Sign,Curve,State Highway,Gravel,Wet,Poor,Rainy,Single,Faded,Good Lighting,Yes,Sangram-Koloraing Rd,27.726,93.6422
West Kameng,Bomdila,2019,2,Road accident,Highway,Rural,Human Error,No,Fatal,Pedestrian,Yield Sign,Hilly,National Highway,Concrete,Wet,Good,Rainy,Double,Not Visible,Poor Visibility,No,"Chariduar-Tawang Rd ,NH 13",27.2645,92.4159
Lohit,Tezu,2020,3,Road accident,Intersection,Rural,Human Error,No,Fatal,Side-impact,Stop Sign,Hilly,State Highway,Concrete,Muddy,Poor,Clear,Double,Faded,Poor Visibility,No,Tezu-Lohitpur Rd,27.9838,96.158001
Namsai,Namsai,2021,2,Road accident,Residential,Urban,Human Error,Yes,Fatal,Pedestrian,None,Hilly,City Road,Concrete,Muddy,Fair,Rainy,Double,Clear,Poor Visibility,Yes,State Rd,27.6666,95.8626
Changlang,Changlang,2021,3,Road accident,Residential,Rural,Human Error,No,Fatal,Single Vehicle,Stop Sign,Curve,National Highway,Asphalt,Dry,Poor,Rainy,Double,Clear,Poor Lighting,No,NH 215,27.1355,95.7364
Kamle,Raga,2021,3,Road accident,Rural Road,Urban,Human Error,No,Fatal,Rear-end Collision,Traffic Signals,Hilly,Rural Road,Asphalt,Muddy,Poor,Clear,Double,Faded,Good Lighting,Yes,NH13,27.7996,94.0747
Seppa,Seppa,2022,1,Road accident,Rural Road,Rural,Human Error,No,Fatal,Side-impact,Yield Sign,Hilly,State Highway,Concrete,Dry,Poor,Foggy,Single,Not Visible,Good Lighting,Yes,State Rd,27.361,93.0393
Anjaw,Hawai,2022,3,Road accident,Rural Road,Urban,Human Error,Yes,Non-fatal,Side-impact,Traffic Signals,Straight,National Highway,Concrete,Muddy,Fair,Clear,Single,Not Visible,Good Lighting,No,Office Rd,27.8843,96.8169
Kamle,Raga,2023,1,Road accident,Intersection,Urban,Human Error,Yes,Fatal,Head-on Collision,Stop Sign,Curve,National Highway,Concrete,Wet,Good,Clear,Double,Faded,Good Lighting,Yes,NH13,27.7996,94.0747
Kra Daadi,Palin,2023,3,Road accident,Rural Road,Urban,Human Error,Yes,Non-fatal,Head-on Collision,Yield Sign,Straight,State Highway,Gravel,Muddy,Poor,Foggy,Double,Faded,Poor Lighting,Yes,Sangram-Koloraing Rd,27.726,93.6422
Lower Dibang Valley,Roing,2023,2,Road accident,Rural Road,Rural,Human Error,No,Non-fatal,Side-impact,None,Curve,Rural Road,Gravel,Dry,Good,Clear,Double,Faded,Poor Visibility,No,NH 13,28.1179,95.8226
Lower Dibang Valley,Roing,2022,1,Road accident,Highway,Rural,Human Error,Yes,Non-fatal,Head-on Collision,Yield Sign,Straight,City Road,Gravel,Dry,Poor,Rainy,Double,Faded,Poor Visibility,No,NH 13,28.1179,95.8226
Lepa Rada,Daporijo,2019,3,Road accident,Residential,Rural,Human Error,Yes,Fatal,Pedestrian,Yield Sign,Curve,Local Road,Gravel,Muddy,Fair,Clear,Single,Not Visible,Poor Lighting,No,NH 13,27.982,94.216
Anjaw,Hawai,2023,3,Road accident,Residential,Rural,Human Error,Yes,Non-fatal,Rear-end Collision,None,Hilly,City Road,Asphalt,Wet,Good,Rainy,Double,Clear,Poor Lighting,No,Office Rd,27.8843,96.8169
Changlang,Changlang,2020,2,Road accident,Residential,Rural,Human Error,No,Non-fatal,Single Vehicle,Traffic Signals,Straight,Local Road,Gravel,Muddy,Fair,Foggy,Single,Clear,Poor Lighting,No,NH 215,27.1355,95.7364
Lohit,Tezu,2023,1,Road accident,Rural Road,Urban,Human Error,No,Fatal,Pedestrian,Yield Sign,Curve,National Highway,Concrete,Wet,Poor,Rainy,Double,Clear,Good Lighting,No,Tezu-Lohitpur Rd,27.9838,96.158001
Lower Dibang Valley,Roing,2023,1,Road accident,Highway,Urban,Human Error,Yes,Fatal,Side-impact,None,Curve,Rural Road,Asphalt,Wet,Poor,Rainy,Double,Faded,Good Lighting,Yes,NH 13,28.1179,95.8226
West Siang,Aalo,2019,3,Road accident,Highway,Urban,Human Error,No,Fatal,Side-impact,Traffic Signals,Curve,Local Road,Asphalt,Muddy,Poor,Foggy,Single,Not Visible,Poor Visibility,No,NH 13,28.1628,94.8654
Kamle,Raga,2022,3,Road accident,Urban Area,Rural,Human Error,Yes,Non-fatal,Side-impact,Traffic Signals,Straight,Rural Road,Concrete,Muddy,Poor,Foggy,Double,Faded,Poor Visibility,Yes,NH13,27.7996,94.0747
Itanagar,Itanagar,2019,3,Road accident,Urban Area,Rural,Human Error,No,Fatal,Head-on Collision,Stop Sign,Hilly,National Highway,Asphalt,Wet,Poor,Rainy,Single,Faded,Poor Lighting,No,Joram-Koloraing Rd,27.0844,93.6053
kurung kumey,Koloriang,2023,1,Road accident,Highway,Urban,Human Error,Yes,Non-fatal,Side-impact,Yield Sign,Straight,City Road,Asphalt,Wet,Fair,Clear,Double,Clear,Poor Visibility,No,State Rd,27.9038,93.3534
West Kameng,Bomdila,2021,3,Road accident,Intersection,Rural,Human Error,Yes,Non-fatal,Rear-end Collision,Traffic Signals,Straight,City Road,Concrete,Wet,Poor,Rainy,Double,Clear,Poor Visibility,Yes,"Chariduar-Tawang Rd ,NH 13",27.2645,92.4159
West Kameng,Bomdila,2020,1,Road accident,Intersection,Rural,Human Error,No,Fatal,Rear-end Collision,Stop Sign,Hilly,National Highway,Concrete,Dry,Fair,Foggy,Double,Clear,Poor Visibility,Yes,"Chariduar-Tawang Rd ,NH 13",27.2645,92.4159
kurung kumey,Koloriang,2022,1,Road accident,Urban Area,Urban,Human Error,No,Fatal,Pedestrian,Stop Sign,Hilly,City Road,Concrete,Wet,Good,Rainy,Single,Not Visible,Good Lighting,No,State Rd,27.9038,93.3534
Seppa,Seppa,2020,3,Road accident,Residential,Urban,Human Error,Yes,Fatal,Pedestrian,Stop Sign,Straight,Rural Road,Gravel,Dry,Good,Foggy,Single,Not Visible,Poor Lighting,Yes,State Rd,27.361,93.0393
Seppa,Seppa,2023,3,Road accident,Highway,Rural,Human Error,No,Fatal,Rear-end Collision,Yield Sign,Curve,Rural Road,Asphalt,Dry,Good,Rainy,Double,Not Visible,Poor Lighting,No,State Rd,27.361,93.0393
Champhai,Champhai,2023,2,Road accident,Near Bus Stand,Local Road,Human Error,No,High,Pedestrian Impact,Traffic Signal,Intersection,Highway,Concrete,Slippery,Fair,Clear,Dual,Yes,Moderate Lighting,No,National Highway,23.4563,93.3282
Champhai,Champhai,2023,2,Road accident,Near District Hospital,NH 54,Human Error,No,High,Head-on,None,Straight Road,Rural Road,Gravel,Slippery,Good,Clear,Single,No,Moderate Lighting,Yes,Village Road,23.4563,93.3282
Lawngtlai,Lawngtlai,2021,3,Road accident,Near Central Market,NH 150,Human Error,Yes,Medium,Head-on,None,Intersection,National Hwy,Gravel,Dry,Fair,Rainy,Single,Yes,Moderate Lighting,Yes,State Road,22.5284,92.8926
Mamit,Mamit,2022,2,Road accident,Near State Secretariat,Local Road,Human Error,Yes,High,Rear-end,Stop Sign,Intersection,National Hwy,Concrete,Dry,Fair,Clear,Single,Yes,Poor Lighting,Yes,National Highway,23.9294,92.4906
Kolasib,Kolasib,2022,2,Road accident,Near District Hospital,Rural Road,Human Error,No,Low,Head-on,None,Straight Road,Local Road,Concrete,Wet,Good,Foggy,Dual,No,Well-lit,Yes,National Highway,24.2246,92.676
Lawngtlai,Lawngtlai,2021,1,Road accident,Near Bus Stand,NH 150,Human Error,No,Low,Rear-end,Stop Sign,Intersection,State Road,Concrete,Dry,Fair,Rainy,Dual,Yes,Moderate Lighting,No,Village Road,22.5284,92.8926
Champhai,Champhai,2021,1,Road accident,Near Police Station,NH 150,Human Error,Yes,High,Pedestrian Impact,None,Curve,Rural Road,Asphalt,Dry,Poor,Foggy,Dual,Yes,Poor Lighting,Yes,State Road,23.4563,93.3282
Kolasib,Kolasib,2021,1,Road accident,Near District Hospital,Rural Road,Human Error,No,High,Animal Impact,None,Curve,Highway,Asphalt,Slippery,Fair,Clear,Dual,No,Well-lit,No,State Road,24.2246,92.676
Mamit,Mamit,2023,2,Road accident,Near Police Station,Local Road,Human Error,No,Medium,Side Impact,None,Curve,Highway,Gravel,Wet,Poor,Foggy,Dual,No,Well-lit,No,National Highway,23.9294,92.4906
Champhai,Champhai,2023,1,Road accident,Near Bus Stand,"Main Road, Aizawl",Human Error,Yes,High,Pedestrian Impact,Stop Sign,Straight Road,Highway,Gravel,Dry,Fair,Foggy,Dual,Yes,Well-lit,No,National Highway,23.4563,93.3282
Aizawl,Aizawl,2022,2,Road accident,Near Police Station,Rural Road,Human Error,Yes,Medium,Side Impact,Stop Sign,Intersection,Local Road,Concrete,Wet,Poor,Rainy,Single,Yes,Well-lit,No,Village Road,23.8789,92.8976
Kolasib,Kolasib,2021,2,Road accident,Near Central Market,Local Road,Human Error,No,Low,Rear-end,Stop Sign,Straight Road,National Hwy,Asphalt,Wet,Fair,Clear,Dual,Yes,Moderate Lighting,No,Village Road,24.2246,92.676
Champhai,Champhai,2022,3,Road accident,Near Police Station,NH 54,Human Error,Yes,Medium,Animal Impact,Traffic Signal,Intersection,Highway,Gravel,Wet,Poor,Foggy,Dual,No,Moderate Lighting,Yes,National Highway,23.4563,93.3282
Champhai,Champhai,2023,2,Road accident,Near Central Market,NH 150,Human Error,No,Low,Pedestrian Impact,Traffic Signal,Intersection,Rural Road,Gravel,Slippery,Fair,Rainy,Dual,No,Well-lit,Yes,National Highway,23.4563,93.3282
Serchhip,Serchhip,2021,1,Road accident,Near Central Market,NH 150,Human Error,No,High,Head-on,Traffic Signal,Straight Road,Highway,Asphalt,Dry,Poor,Clear,Dual,Yes,Poor Lighting,Yes,National Highway,23.3417,92.8502
Champhai,Champhai,2023,3,Road accident,Near Bus Stand,"Main Road, Aizawl",Human Error,No,Low,Animal Impact,None,Curve,Local Road,Concrete,Dry,Fair,Rainy,Dual,Yes,Well-lit,No,National Highway,23.4563,93.3282
Champhai,Champhai,2023,1,Road accident,Near District Hospital,"Main Road, Aizawl",Human Error,No,Low,Head-on,None,Intersection,Rural Road,Concrete,Wet,Poor,Foggy,Dual,Yes,Poor Lighting,No,National Highway,23.4563,93.3282
Saiha,Saiha,2021,1,Road accident,Near Police Station,NH 150,Human Error,Yes,High,Rear-end,Traffic Signal,Curve,Rural Road,Gravel,Dry,Poor,Foggy,Single,Yes,Poor Lighting,No,State Road,22.4897,92.9793
Lunglei,Lunglei,2022,2,Road accident,Near State Secretariat,"Main Road, Aizawl",Human Error,No,High,Rear-end,None,Straight Road,Local Road,Concrete,Wet,Fair,Rainy,Dual,No,Moderate Lighting,No,Village Road,22.8671,92.7655
Saiha,Saiha,2023,3,Road accident,Near Central Market,Local Road,Human Error,No,High,Rear-end,None,Straight Road,National Hwy,Asphalt,Slippery,Poor,Clear,Single,Yes,Poor Lighting,No,National Highway,22.4897,92.9793
Kolasib,Kolasib,2023,2,Road accident,Near Central Market,Rural Road,Human Error,Yes,High,Pedestrian Impact,None,Straight Road,Highway,Asphalt,Wet,Fair,Clear,Single,No,Moderate Lighting,No,National Highway,24.2246,92.676
Serchhip,Serchhip,2021,3,Road accident,Near Police Station,"Main Road, Aizawl",Human Error,No,Medium,Head-on,Traffic Signal,Curve,Rural Road,Concrete,Wet,Fair,Foggy,Dual,Yes,Moderate Lighting,Yes,Village Road,23.3417,92.8502
Lunglei,Lunglei,2022,3,Road accident,Near State Secretariat,"Main Road, Aizawl",Human Error,Yes,Low,Rear-end,Stop Sign,Curve,Rural Road,Gravel,Slippery,Poor,Rainy,Dual,No,Well-lit,Yes,State Road,22.8671,92.7655
Lunglei,Lunglei,2022,1,Road accident,Near Police Station,"Main Road, Aizawl",Human Error,No,Low,Side Impact,Stop Sign,Intersection,Highway,Asphalt,Slippery,Good,Clear,Dual,No,Well-lit,Yes,National Highway,22.8671,92.7655
Aizawl,Aizawl,2023,1,Road accident,Near Police Station,Rural Road,Human Error,Yes,Medium,Side Impact,Stop Sign,Curve,State Road,Concrete,Slippery,Poor,Clear,Single,Yes,Poor Lighting,Yes,National Highway,23.8789,92.8976
Aizawl,Aizawl,2021,3,Road accident,Near State Secretariat,NH 54,Human Error,No,Low,Pedestrian Impact,None,Intersection,Local Road,Asphalt,Slippery,Fair,Foggy,Dual,No,Moderate Lighting,No,State Road,23.8789,92.8976
Saiha,Saiha,2021,3,Road accident,Near Police Station,Rural Road,Human Error,No,High,Pedestrian Impact,None,Intersection,Rural Road,Gravel,Slippery,Poor,Rainy,Dual,Yes,Poor Lighting,Yes,National Highway,22.4897,92.9793
Kolasib,Kolasib,2021,1,Road accident,Near Central Market,Rural Road,Human Error,Yes,Low,Rear-end,Traffic Signal,Curve,Highway,Gravel,Dry,Good,Clear,Single,No,Poor Lighting,Yes,National Highway,24.2246,92.676
Lunglei,Lunglei,2022,1,Road accident,Near District Hospital,Rural Road,Human Error,Yes,Low,Side Impact,Traffic Signal,Curve,State Road,Asphalt,Dry,Good,Foggy,Dual,Yes,Well-lit,No,State Road,22.8671,92.7655
Lawngtlai,Lawngtlai,2023,1,Road accident,Near Central Market,NH 150,Human Error,Yes,Low,Rear-end,None,Intersection,Rural Road,Asphalt,Slippery,Poor,Rainy,Dual,Yes,Poor Lighting,No,National Highway,22.5284,92.8926
Lunglei,Lunglei,2021,1,Road accident,Near District Hospital,"Main Road, Aizawl",Human Error,No,High,Rear-end,None,Straight Road,State Road,Concrete,Wet,Fair,Clear,Single,No,Moderate Lighting,No,State Road,22.8671,92.7655
Aizawl,Aizawl,2021,2,Road accident,Near Bus Stand,NH 150,Human Error,No,Medium,Head-on,Traffic Signal,Intersection,Highway,Gravel,Wet,Fair,Clear,Single,No,Well-lit,No,Village Road,23.8789,92.8976
Aizawl,Aizawl,2022,1,Road accident,Near Bus Stand,"Main Road, Aizawl",Human Error,No,Medium,Rear-end,Traffic Signal,Curve,National Hwy,Gravel,Wet,Fair,Clear,Dual,Yes,Well-lit,Yes,State Road,23.8789,92.8976
Serchhip,Serchhip,2023,3,Road accident,Near Bus Stand,Rural Road,Human Error,Yes,Medium,Side Impact,None,Straight Road,Rural Road,Concrete,Wet,Good,Foggy,Dual,No,Well-lit,No,National Highway,23.3417,92.8502
Serchhip,Serchhip,2023,3,Road accident,Near Bus Stand,Local Road,Human Error,No,Low,Animal Impact,Traffic Signal,Straight Road,Rural Road,Concrete,Slippery,Good,Clear,Single,No,Well-lit,No,Village Road,23.3417,92.8502
Aizawl,Aizawl,2022,2,Road accident,Near District Hospital,NH 150,Human Error,Yes,High,Animal Impact,Traffic Signal,Curve,Local Road,Gravel,Dry,Poor,Clear,Single,No,Moderate Lighting,No,Village Road,23.8789,92.8976
Champhai,Champhai,2023,2,Road accident,Near Central Market,NH 150,Human Error,Yes,High,Side Impact,Traffic Signal,Straight Road,Local Road,Asphalt,Slippery,Fair,Rainy,Single,Yes,Moderate Lighting,No,National Highway,23.4563,93.3282
Kolasib,Kolasib,2022,2,Road accident,Near Police Station,NH 150,Human Error,No,Medium,Head-on,Traffic Signal,Intersection,Highway,Gravel,Dry,Poor,Foggy,Single,No,Poor Lighting,Yes,National Highway,24.2246,92.676
Champhai,Champhai,2021,3,Road accident,near school,"Main Road, Aizawl",Human Error,No,Low,Head-on,None,Curve,State Road,Gravel,Slippery,Fair,Clear,Dual,No,Moderate Lighting,Yes,National Highway,23.4563,93.3282
Lunglei,Lunglei,2022,2,Road accident,Near District Hospital,NH 54,Human Error,No,High,Head-on,None,Curve,State Road,Asphalt,Dry,Poor,Clear,Dual,Yes,Moderate Lighting,No,National Highway,22.8671,92.7655
Lawngtlai,Lawngtlai,2023,2,Road accident,Near Police Station,Local Road,Human Error,Yes,Low,Side Impact,Traffic Signal,Curve,Rural Road,Concrete,Wet,Fair,Foggy,Dual,Yes,Poor Lighting,No,Village Road,22.5284,92.8926
Lunglei,Lunglei,2021,2,Road accident,Near Bus Stand,NH 54,Human Error,No,High,Head-on,Stop Sign,Curve,Rural Road,Gravel,Slippery,Fair,Foggy,Single,Yes,Poor Lighting,No,National Highway,22.8671,92.7655
Champhai,Champhai,2021,3,Road accident,Near Police Station,Rural Road,Human Error,No,Medium,Pedestrian Impact,None,Curve,Rural Road,Gravel,Slippery,Fair,Rainy,Single,Yes,Poor Lighting,No,State Road,23.4563,93.3282
Champhai,Champhai,2023,1,Road accident,Near Police Station,Local Road,Human Error,Yes,Low,Side Impact,Traffic Signal,Straight Road,National Hwy,Concrete,Slippery,Poor,Rainy,Dual,No,Well-lit,Yes,Village Road,23.4563,93.3282
Aizawl,Aizawl,2022,2,Road accident,Near Bus Stand,Local Road,Human Error,Yes,High,Animal Impact,Traffic Signal,Curve,Local Road,Gravel,Dry,Good,Rainy,Dual,No,Poor Lighting,No,National Highway,23.8789,92.8976
Champhai,Champhai,2021,1,Road accident,Near District Hospital,Local Road,Human Error,Yes,Low,Rear-end,Traffic Signal,Intersection,State Road,Asphalt,Slippery,Fair,Foggy,Single,No,Well-lit,Yes,National Highway,23.4563,93.3282
Lawngtlai,Lawngtlai,2023,2,Road accident,Near State Secretariat,Rural Road,Human Error,No,Medium,Rear-end,Stop Sign,Straight Road,State Road,Concrete,Slippery,Good,Clear,Dual,No,Poor Lighting,Yes,Village Road,22.5284,92.8926
Champhai,Champhai,2023,1,Road accident,Near Central Market,Local Road,Human Error,Yes,Medium,Pedestrian Impact,Stop Sign,Intersection,National Hwy,Concrete,Dry,Good,Rainy,Single,No,Poor Lighting,Yes,National Highway,23.4563,93.3282
Lunglei,Lunglei,2021,1,Road accident,Near Police Station,Local Road,Human Error,No,Low,Head-on,Traffic Signal,Curve,State Road,Concrete,Dry,Poor,Foggy,Single,Yes,Poor Lighting,Yes,National Highway,22.8671,92.7655
Mamit,Mamit,2023,3,Road accident,Near District Hospital,NH 150,Human Error,No,High,Pedestrian Impact,None,Intersection,Local Road,Gravel,Slippery,Good,Clear,Dual,Yes,Well-lit,Yes,State Road,23.9294,92.4906
Saiha,Saiha,2021,2,Road accident,Near Police Station,NH 54,Human Error,Yes,High,Side Impact,Traffic Signal,Intersection,National Hwy,Gravel,Slippery,Poor,Clear,Single,Yes,Moderate Lighting,Yes,National Highway,22.4897,92.9793
Mamit,Mamit,2022,1,Road accident,Near Bus Stand,"Main Road, Aizawl",Human Error,No,Medium,Head-on,Stop Sign,Intersection,Rural Road,Asphalt,Slippery,Poor,Rainy,Single,No,Well-lit,Yes,Village Road,23.9294,92.4906
Serchhip,Serchhip,2021,2,Road accident,Near Bus Stand,"Main Road, Aizawl",Human Error,No,Medium,Head-on,Traffic Signal,Curve,National Hwy,Asphalt,Dry,Fair,Foggy,Dual,No,Well-lit,Yes,Village Road,23.3417,92.8502
Saiha,Saiha,2023,3,Road accident,Near Police Station,NH 54,Human Error,No,Low,Pedestrian Impact,Stop Sign,Intersection,Rural Road,Concrete,Dry,Poor,Clear,Single,Yes,Poor Lighting,No,National Highway,22.4897,92.9793
Champhai,Champhai,2023,1,Road accident,Near District Hospital,"Main Road, Aizawl",Human Error,Yes,Medium,Rear-end,Stop Sign,Straight Road,Highway,Concrete,Wet,Poor,Clear,Dual,No,Moderate Lighting,Yes,State Road,23.4563,93.3282
Serchhip,Serchhip,2023,3,Road accident,Near State Secretariat,Rural Road,Human Error,Yes,High,Animal Impact,None,Curve,National Hwy,Asphalt,Wet,Poor,Foggy,Single,Yes,Poor Lighting,No,State Road,23.3417,92.8502
Serchhip,Serchhip,2021,2,Road accident,Near District Hospital,Rural Road,Human Error,No,Medium,Side Impact,Stop Sign,Straight Road,National Hwy,Asphalt,Slippery,Fair,Foggy,Dual,No,Well-lit,Yes,State Road,23.3417,92.8502
Lunglei,Lunglei,2022,1,Road accident,Near Bus Stand,NH 150,Human Error,No,Medium,Pedestrian Impact,Stop Sign,Curve,Local Road,Concrete,Wet,Fair,Clear,Single,Yes,Moderate Lighting,No,National Highway,22.8671,92.7655
Lunglei,Lunglei,2022,2,Road accident,Near Police Station,Local Road,Human Error,No,Low,Animal Impact,Traffic Signal,Straight Road,State Road,Gravel,Dry,Good,Rainy,Dual,No,Moderate Lighting,Yes,State Road,22.8671,92.7655
Saiha,Saiha,2023,1,Road accident,Near Bus Stand,"Main Road, Aizawl",Human Error,Yes,Low,Pedestrian Impact,None,Straight Road,Rural Road,Concrete,Slippery,Fair,Clear,Dual,No,Poor Lighting,Yes,Village Road,22.4897,92.9793
Aizawl,Aizawl,2022,2,Road accident,Near Police Station,Rural Road,Human Error,Yes,Low,Head-on,None,Intersection,Rural Road,Asphalt,Dry,Poor,Rainy,Single,Yes,Moderate Lighting,No,State Road,23.8789,92.8976
Lunglei,Lunglei,2021,2,Road accident,Near Central Market,NH 150,Human Error,Yes,Medium,Rear-end,None,Intersection,National Hwy,Asphalt,Slippery,Good,Clear,Dual,Yes,Moderate Lighting,Yes,National Highway,22.8671,92.7655
Saiha,Saiha,2021,1,Road accident,Near Police Station,Rural Road,Human Error,No,High,Rear-end,Stop Sign,Intersection,Rural Road,Asphalt,Slippery,Fair,Rainy,Single,Yes,Moderate Lighting,Yes,State Road,22.4897,92.9793
Serchhip,Serchhip,2022,3,Road accident,Near Police Station,"Main Road, Aizawl",Human Error,No,Medium,Rear-end,Traffic Signal,Curve,State Road,Asphalt,Dry,Good,Rainy,Dual,No,Poor Lighting,Yes,Village Road,23.3417,92.8502
Mamit,Mamit,2022,3,Road accident,Near State Secretariat,Local Road,Human Error,No,Low,Animal Impact,Traffic Signal,Intersection,Rural Road,Asphalt,Dry,Poor,Foggy,Single,No,Poor Lighting,No,National Highway,23.9294,92.4906
Lunglei,Lunglei,2023,1,Road accident,Near State Secretariat,Rural Road,Human Error,No,Medium,Head-on,None,Straight Road,State Road,Concrete,Slippery,Fair,Foggy,Dual,No,Poor Lighting,Yes,Village Road,22.8671,92.7655
Lawngtlai,Lawngtlai,2023,1,Road accident,Near Bus Stand,NH 54,Human Error,No,Medium,Pedestrian Impact,Traffic Signal,Straight Road,National Hwy,Gravel,Slippery,Fair,Foggy,Single,Yes,Moderate Lighting,No,Village Road,22.5284,92.8926