DISTRICT NAME,UNIT NAME, YEAR,VEHICLE_INVOLVED,ACCIDENT CLASIFICATION,ACCIDENT SPOT,ACCIDENT LOCATION,MAIN CAUSE,HIT-RUN,SEVERITY,COLLISION TYPE,JUNCTION CONTROL,ROAD CHARACTER,ROAD-TYPE,SURFACE-TYPE,SURFACE CONDITION,ROAD CONDITION,WEATHER,LANE-TYPE,ROAD MARKING,SPOT CONDITIONS,SIDE WALK,ACCIDENT-ROAD,Latitude ,Longitude
Champhai,Champhai,2023,2,Road accident,Near State Secretariat,NH 54,Human Error,Yes,Medium,Animal Impact,Stop Sign,Intersection,Highway,Gravel,Wet,Fair,Rainy,Dual,No,Poor Lighting,No,Village Road,23.4563,93.3282
Aizawl,Aizawl,2021,1,Road accident,Near State Secretariat,"Main Road, Aizawl",Human Error,Yes,High,Rear-end,None,Curve,Local Road,Concrete,Slippery,Poor,Clear,Single,No,Poor Lighting,No,Village Road,23.8789,92.8976
Lunglei,Lunglei,2022,2,Road accident,Near State Secretariat,NH 150,Human Error,No,High,Head-on,Traffic Signal,Intersection,National Hwy,Gravel,Slippery,Fair,Clear,Dual,Yes,Well-lit,Yes,National Highway,22.8671,92.7655
Lawngtlai,Lawngtlai,2023,1,Road accident,Near State Secretariat,NH 150,Human Error,Yes,Low,Pedestrian Impact,None,Straight Road,Local Road,Asphalt,Slippery,Good,Clear,Single,No,Well-lit,Yes,National Highway,22.5284,92.8926
Aizawl,Aizawl,2022,2,Road accident,Near State Secretariat,Local Road,Human Error,No,Low,Head-on,Traffic Signal,Intersection,Highway,Concrete,Dry,Fair,Clear,Single,Yes,Moderate Lighting,No,National Highway,23.8789,92.8976
Lunglei,Lunglei,2021,2,Road accident,Near District Hospital,NH 150,Human Error,No,Medium,Rear-end,Traffic Signal,Intersection,Highway,Concrete,Dry,Good,Foggy,Dual,No,Poor Lighting,Yes,State Road,22.8671,92.7655
Kolasib,Kolasib,2023,3,Road accident,Near Police Station,NH 54,Human Error,No,Medium,Pedestrian Impact,Stop Sign,Curve,Local Road,Concrete,Slippery,Fair,Clear,Dual,No,Poor Lighting,No,National Highway,24.2246,92.676
Kolasib,Kolasib,2022,3,Road accident,Near Police Station,Local Road,Human Error,Yes,Low,Animal Impact,None,Curve,Local Road,Concrete,Dry,Fair,Clear,Single,No,Poor Lighting,No,National Highway,24.2246,92.676
Lawngtlai,Lawngtlai,2021,2,Road accident,Near State Secretariat,NH 150,Human Error,Yes,Medium,Side Impact,None,Intersection,Rural Road,Asphalt,Dry,Poor,Rainy,Single,No,Moderate Lighting,No,National Highway,22.5284,92.8926
Lunglei,Lunglei,2022,2,Road accident,Near District Hospital,NH 54,Human Error,Yes,High,Side Impact,Stop Sign,Straight Road,Rural Road,Gravel,Slippery,Poor,Rainy,Dual,Yes,Moderate Lighting,Yes,National Highway,22.8671,92.7655
Serchhip,Serchhip,2022,3,Road accident,Near State Secretariat,Rural Road,Human Error,No,Medium,Pedestrian Impact,None,Straight Road,National Hwy,Gravel,Slippery,Fair,Foggy,Dual,No,Moderate Lighting,No,Village Road,23.3417,92.8502
Saiha,Saiha,2023,3,Road accident,Near District Hospital,"Main Road, Aizawl",Human Error,Yes,Low,Pedestrian Impact,None,Curve,Highway,Asphalt,Wet,Good,Foggy,Single,No,Moderate Lighting,No,State Road,22.4897,92.9793
Champhai,Champhai,2022,1,Road accident,Near Police Station,"Main Road, Aizawl",Human Error,Yes,Medium,Pedestrian Impact,Traffic Signal,Intersection,Local Road,Gravel,Wet,Fair,Clear,Single,No,Poor Lighting,No,Village Road,23.4563,93.3282
Lunglei,Lunglei,2022,3,Road accident,Near Central Market,"Main Road, Aizawl",Human Error,No,High,Pedestrian Impact,Stop Sign,Intersection,Local Road,Asphalt,Slippery,Good,Clear,Dual,Yes,Moderate Lighting,Yes,Village Road,22.8671,92.7655
Saiha,Saiha,2023,3,Road accident,Near Central Market,NH 150,Human Error,No,Low,Animal Impact,Traffic Signal,Intersection,State Road,Asphalt,Wet,Poor,Foggy,Dual,No,Poor Lighting,Yes,State Road,22.4897,92.9793
Serchhip,Serchhip,2022,1,Road accident,Near Bus Stand,Local Road,Human Error,Yes,High,Side Impact,Stop Sign,Intersection,State Road,Concrete,Wet,Poor,Foggy,Dual,No,Well-lit,Yes,State Road,23.3417,92.8502
Serchhip,Serchhip,2021,2,Road accident,Near Central Market,Rural Road,Human Error,No,Medium,Pedestrian Impact,Traffic Signal,Curve,Rural Road,Gravel,Wet,Poor,Clear,Single,Yes,Well-lit,No,State Road,23.3417,92.8502
Serchhip,Serchhip,2021,3,Road accident,Near District Hospital,NH 150,Human Error,No,High,Head-on,None,Curve,Rural Road,Concrete,Dry,Poor,Rainy,Single,Yes,Poor Lighting,No,Village Road,23.3417,92.8502
Lawngtlai,Lawngtlai,2021,1,Road accident,Near Bus Stand,"Main Road, Aizawl",Human Error,Yes,Medium,Head-on,Traffic Signal,Straight Road,State Road,Gravel,Wet,Good,Clear,Single,Yes,Moderate Lighting,No,State Road,22.5284,92.8926
Serchhip,Serchhip,2023,2,Road accident,Near Bus Stand,NH 54,Human Error,No,Medium,Rear-end,Stop Sign,Curve,Highway,Asphalt,Wet,Poor,Clear,Dual,No,Poor Lighting,No,Village Road,23.3417,92.8502
Lunglei,Lunglei,2023,2,Road accident,Near District Hospital,NH 150,Human Error,Yes,Low,Rear-end,Stop Sign,Intersection,National Hwy,Concrete,Dry,Poor,Clear,Dual,Yes,Well-lit,No,Village Road,22.8671,92.7655
Kolasib,Kolasib,2023,2,Road accident,Near Bus Stand,"Main Road, Aizawl",Human Error,Yes,Medium,Rear-end,None,Curve,Rural Road,Asphalt,Dry,Fair,Clear,Dual,No,Well-lit,No,Village Road,24.2246,92.676
Kolasib,Kolasib,2021,2,Road accident,Near Central Market,NH 54,Human Error,No,High,Side Impact,Traffic Signal,Straight Road,Rural Road,Gravel,Slippery,Poor,Foggy,Dual,No,Poor Lighting,No,National Highway,24.2246,92.676
Lunglei,Lunglei,2022,1,Road accident,Near Central Market,Local Road,Human Error,No,Low,Rear-end,Traffic Signal,Intersection,Highway,Concrete,Dry,Poor,Rainy,Dual,Yes,Well-lit,No,State Road,22.8671,92.7655
Champhai,Champhai,2022,1,Road accident,Near Central Market,"Main Road, Aizawl",Human Error,Yes,Low,Head-on,None,Intersection,Local Road,Gravel,Dry,Good,Rainy,Single,No,Moderate Lighting,No,State Road,23.4563,93.3282
Aizawl,Aizawl,2021,2,Road accident,Near State Secretariat,"Main Road, Aizawl",Human Error,No,Low,Animal Impact,None,Straight Road,Rural Road,Gravel,Dry,Fair,Clear,Dual,Yes,Moderate Lighting,No,State Road,23.8789,92.8976
Serchhip,Serchhip,2023,2,Road accident,Near District Hospital,Rural Road,Human Error,Yes,High,Animal Impact,Stop Sign,Intersection,Local Road,Concrete,Wet,Poor,Clear,Single,No,Moderate Lighting,Yes,State Road,23.3417,92.8502
Kolasib,Kolasib,2021,2,Road accident,Near District Hospital,"Main Road, Aizawl",Human Error,Yes,Medium,Side Impact,Traffic Signal,Intersection,State Road,Asphalt,Wet,Poor,Rainy,Single,Yes,Poor Lighting,No,State Road,24.2246,92.676
Mamit,Mamit,2022,1,Road accident,Near State Secretariat,Local Road,Human Error,No,Low,Head-on,None,Curve,National Hwy,Gravel,Dry,Poor,Foggy,Single,Yes,Well-lit,Yes,National Highway,23.9294,92.4906
Mamit,Mamit,2023,1,Road accident,Near District Hospital,Local Road,Human Error,Yes,High,Animal Impact,None,Intersection,State Road,Gravel,Wet,Fair,Clear,Dual,Yes,Moderate Lighting,No,National Highway,23.9294,92.4906
Lunglei,Lunglei,2021,2,Road accident,Near District Hospital,"Main Road, Aizawl",Human Error,Yes,Low,Pedestrian Impact,None,Curve,Rural Road,Concrete,Dry,Poor,Foggy,Single,Yes,Well-lit,No,National Highway,22.8671,92.7655
Lunglei,Lunglei,2023,1,Road accident,Near State Secretariat,Local Road,Human Error,No,Medium,Rear-end,Stop Sign,Curve,National Hwy,Concrete,Wet,Good,Rainy,Single,Yes,Well-lit,No,Village Road,22.8671,92.7655
Aizawl,Aizawl,2023,3,Road accident,Near District Hospital,NH 150,Human Error,Yes,Medium,Rear-end,Stop Sign,Intersection,State Road,Asphalt,Wet,Good,Clear,Dual,No,Well-lit,No,State Road,23.8789,92.8976
Kolasib,Kolasib,2023,3,Road accident,Near Police Station,Local Road,Human Error,No,High,Pedestrian Impact,None,Curve,State Road,Asphalt,Dry,Fair,Rainy,Single,Yes,Poor Lighting,Yes,Village Road,24.2246,92.676
Saiha,Saiha,2022,2,Road accident,Near State Secretariat,NH 54,Human Error,Yes,Low,Side Impact,Stop Sign,Straight Road,Rural Road,Concrete,Slippery,Fair,Foggy,Dual,No,Poor Lighting,Yes,State Road,22.4897,92.9793
Kolasib,Kolasib,2022,2,Road accident,Near Bus Stand,Rural Road,Human Error,No,Medium,Head-on,Traffic Signal,Intersection,State Road,Gravel,Dry,Fair,Rainy,Single,Yes,Poor Lighting,Yes,State Road,24.2246,92.676
Champhai,Champhai,2023,3,Road accident,Near Police Station,NH 54,Human Error,Yes,High,Pedestrian Impact,Traffic Signal,Straight Road,Local Road,Asphalt,Wet,Poor,Rainy,Dual,No,Poor Lighting,No,Village Road,23.4563,93.3282
Kolasib,Kolasib,2021,2,Road accident,Near Bus Stand,Rural Road,Human Error,Yes,High,Rear-end,None,Straight Road,Rural Road,Asphalt,Wet,Poor,Clear,Single,No,Poor Lighting,No,Village Road,24.2246,92.676
Lunglei,Lunglei,2022,1,Road accident,Near Police Station,NH 150,Human Error,Yes,High,Rear-end,Stop Sign,Straight Road,Highway,Asphalt,Wet,Poor,Clear,Single,Yes,Moderate Lighting,No,National Highway,22.8671,92.7655
Mamit,Mamit,2023,3,Road accident,Near Bus Stand,NH 54,Human Error,Yes,Medium,Head-on,Traffic Signal,Straight Road,Local Road,Asphalt,Dry,Good,Foggy,Dual,No,Moderate Lighting,No,National Highway,23.9294,92.4906
Saiha,Saiha,2021,2,Road accident,Near District Hospital,Local Road,Human Error,No,Low,Head-on,None,Intersection,Rural Road,Concrete,Dry,Good,Rainy,Single,No,Poor Lighting,Yes,Village Road,22.4897,92.9793
Saiha,Saiha,2021,2,Road accident,Near Police Station,NH 150,Human Error,Yes,Medium,Side Impact,None,Intersection,National Hwy,Concrete,Slippery,Good,Rainy,Dual,Yes,Poor Lighting,No,State Road,22.4897,92.9793
Saiha,Saiha,2022,2,Road accident,Near State Secretariat,NH 54,Human Error,Yes,Medium,Animal Impact,Stop Sign,Curve,State Road,Concrete,Slippery,Fair,Foggy,Single,Yes,Poor Lighting,Yes,State Road,22.4897,92.9793
Serchhip,Serchhip,2021,2,Road accident,Near Bus Stand,"Main Road, Aizawl",Human Error,No,Medium,Rear-end,Stop Sign,Straight Road,Rural Road,Gravel,Slippery,Good,Clear,Single,Yes,Well-lit,No,National Highway,23.3417,92.8502
Mamit,Mamit,2023,3,Road accident,Near Central Market,NH 54,Human Error,Yes,High,Animal Impact,None,Curve,State Road,Asphalt,Slippery,Poor,Foggy,Dual,No,Poor Lighting,No,Village Road,23.9294,92.4906
Mamit,Mamit,2022,1,Road accident,Near District Hospital,NH 150,Human Error,Yes,Medium,Rear-end,None,Curve,Highway,Gravel,Dry,Good,Rainy,Dual,No,Poor Lighting,No,National Highway,23.9294,92.4906
Mamit,Mamit,2023,3,Road accident,Near Bus Stand,NH 54,Human Error,Yes,Medium,Animal Impact,None,Curve,National Hwy,Concrete,Wet,Good,Rainy,Single,Yes,Poor Lighting,No,National Highway,23.9294,92.4906
Aizawl,Aizawl,2021,2,Road accident,Near District Hospital,NH 54,Human Error,No,Low,Pedestrian Impact,Traffic Signal,Intersection,State Road,Gravel,Wet,Good,Clear,Single,Yes,Moderate Lighting,No,State Road,23.8789,92.8976
Mamit,Mamit,2023,1,Road accident,Near State Secretariat,Rural Road,Human Error,Yes,Medium,Animal Impact,Traffic Signal,Curve,National Hwy,Concrete,Wet,Poor,Clear,Single,No,Well-lit,Yes,State Road,23.9294,92.4906
Saiha,Saiha,2023,2,Road accident,Near District Hospital,NH 54,Human Error,No,Low,Side Impact,None,Curve,Local Road,Asphalt,Dry,Fair,Foggy,Dual,Yes,Moderate Lighting,Yes,National Highway,22.4897,92.9793
Champhai,Champhai,2021,2,Road accident,Near Bus Stand,Rural Road,Human Error,No,Low,Pedestrian Impact,Stop Sign,Curve,State Road,Concrete,Wet,Fair,Foggy,Dual,No,Well-lit,No,Village Road,23.4563,93.3282
Champhai,Champhai,2021,3,Road accident,Near State Secretariat,"Main Road, Aizawl",Human Error,No,Medium,Head-on,Traffic Signal,Straight Road,Highway,Gravel,Slippery,Good,Foggy,Dual,No,Poor Lighting,Yes,National Highway,23.4563,93.3282
Mamit,Mamit,2022,1,Road accident,Near District Hospital,Rural Road,Human Error,No,Medium,Pedestrian Impact,Traffic Signal,Straight Road,State Road,Concrete,Dry,Fair,Clear,Dual,Yes,Poor Lighting,No,State Road,23.9294,92.4906
Champhai,Champhai,2021,2,Road accident,Near Central Market,"Main Road, Aizawl",Human Error,Yes,Medium,Pedestrian Impact,Traffic Signal,Straight Road,Local Road,Asphalt,Slippery,Good,Foggy,Single,Yes,Well-lit,Yes,Village Road,23.4563,93.3282
Serchhip,Serchhip,2021,1,Road accident,Near Police Station,Rural Road,Human Error,No,Medium,Pedestrian Impact,None,Straight Road,Local Road,Gravel,Slippery,Fair,Rainy,Single,No,Well-lit,Yes,State Road,23.3417,92.8502
Aizawl,Aizawl,2021,1,Road accident,Near Bus Stand,Rural Road,Human Error,No,Medium,Head-on,None,Straight Road,National Hwy,Gravel,Wet,Poor,Rainy,Dual,Yes,Moderate Lighting,Yes,State Road,23.8789,92.8976
Aizawl,Aizawl,2023,3,Road accident,Near Police Station,NH 54,Human Error,Yes,High,Animal Impact,Traffic Signal,Curve,Highway,Asphalt,Wet,Poor,Clear,Dual,Yes,Moderate Lighting,Yes,State Road,23.8789,92.8976
Mamit,Mamit,2023,2,Road accident,Near Bus Stand,Rural Road,Human Error,Yes,High,Animal Impact,Traffic Signal,Straight Road,Rural Road,Gravel,Wet,Good,Foggy,Dual,Yes,Well-lit,Yes,State Road,23.9294,92.4906
Lunglei,Lunglei,2023,1,Road accident,Near District Hospital,"Main Road, Aizawl",Human Error,Yes,Low,Side Impact,Traffic Signal,Straight Road,Rural Road,Concrete,Dry,Fair,Foggy,Dual,No,Poor Lighting,No,National Highway,22.8671,92.7655
Saiha,Saiha,2021,2,Road accident,Near District Hospital,NH 150,Human Error,No,Low,Head-on,Traffic Signal,Intersection,Highway,Asphalt,Dry,Poor,Rainy,Dual,No,Poor Lighting,No,National Highway,22.4897,92.9793
Kolasib,Kolasib,2021,1,Road accident,Near State Secretariat,Rural Road,Human Error,Yes,High,Side Impact,Stop Sign,Intersection,Highway,Concrete,Dry,Fair,Rainy,Dual,No,Well-lit,No,Village Road,24.2246,92.676
Saiha,Saiha,2023,3,Road accident,Near Bus Stand,NH 54,Human Error,No,Medium,Head-on,Stop Sign,Straight Road,Highway,Concrete,Slippery,Poor,Clear,Single,No,Moderate Lighting,No,National Highway,22.4897,92.9793
Champhai,Champhai,2022,2,Road accident,Near Central Market,Rural Road,Human Error,Yes,Low,Animal Impact,None,Curve,State Road,Gravel,Dry,Good,Rainy,Single,No,Moderate Lighting,No,Village Road,23.4563,93.3282
Lawngtlai,Lawngtlai,2021,1,Road accident,Near Bus Stand,"Main Road, Aizawl",Human Error,Yes,Low,Animal Impact,Stop Sign,Curve,National Hwy,Gravel,Slippery,Poor,Rainy,Dual,No,Moderate Lighting,No,National Highway,22.5284,92.8926
Aizawl,Aizawl,2021,2,Road accident,Near Central Market,NH 54,Human Error,Yes,High,Side Impact,Stop Sign,Intersection,Highway,Asphalt,Slippery,Poor,Clear,Dual,No,Well-lit,Yes,State Road,23.8789,92.8976
Lawngtlai,Lawngtlai,2022,2,Road accident,Near District Hospital,NH 150,Human Error,No,Low,Side Impact,Stop Sign,Straight Road,Rural Road,Concrete,Slippery,Fair,Foggy,Single,No,Poor Lighting,Yes,National Highway,22.5284,92.8926
Serchhip,Serchhip,2023,3,Road accident,Near District Hospital,"Main Road, Aizawl",Human Error,No,High,Animal Impact,Stop Sign,Intersection,National Hwy,Concrete,Dry,Poor,Rainy,Single,No,Moderate Lighting,Yes,National Highway,23.3417,92.8502
Saiha,Saiha,2021,2,Road accident,Near State Secretariat,NH 150,Human Error,No,Medium,Animal Impact,None,Straight Road,Highway,Concrete,Wet,Poor,Rainy,Dual,Yes,Moderate Lighting,Yes,Village Road,22.4897,92.9793
Aizawl,Aizawl,2021,3,Road accident,Near State Secretariat,NH 54,Human Error,No,Medium,Rear-end,Traffic Signal,Straight Road,Highway,Asphalt,Slippery,Good,Foggy,Single,Yes,Poor Lighting,Yes,State Road,23.8789,92.8976
Champhai,Champhai,2021,2,Road accident,Near Central Market,Local Road,Human Error,Yes,Low,Rear-end,Traffic Signal,Intersection,National Hwy,Concrete,Wet,Poor,Rainy,Dual,Yes,Moderate Lighting,Yes,National Highway,23.4563,93.3282
Saiha,Saiha,2023,2,Road accident,Near Central Market,Rural Road,Human Error,No,High,Pedestrian Impact,Traffic Signal,Intersection,State Road,Gravel,Slippery,Poor,Clear,Single,Yes,Poor Lighting,No,Village Road,22.4897,92.9793
Champhai,Champhai,2022,1,Road accident,Near Bus Stand,Local Road,Human Error,No,Low,Side Impact,Stop Sign,Curve,State Road,Asphalt,Dry,Fair,Foggy,Single,No,Well-lit,No,Village Road,23.4563,93.3282
Mamit,Mamit,2023,3,Road accident,Near Police Station,NH 54,Human Error,Yes,Medium,Animal Impact,Traffic Signal,Intersection,Rural Road,Gravel,Dry,Good,Foggy,Dual,No,Well-lit,Yes,Village Road,23.9294,92.4906
Kolasib,Kolasib,2021,1,Road accident,Near District Hospital,NH 54,Human Error,Yes,High,Animal Impact,Traffic Signal,Straight Road,Highway,Concrete,Wet,Good,Rainy,Dual,Yes,Well-lit,Yes,Village Road,24.2246,92.676
Serchhip,Serchhip,2023,1,Road accident,Near Police Station,NH 54,Human Error,No,Low,Head-on,Stop Sign,Intersection,State Road,Gravel,Wet,Fair,Clear,Single,Yes,Poor Lighting,No,State Road,23.3417,92.8502
Mamit,Mamit,2021,1,Road accident,Near Central Market,Local Road,Human Error,Yes,High,Head-on,None,Straight Road,State Road,Asphalt,Dry,Good,Foggy,Dual,No,Well-lit,Yes,Village Road,23.9294,92.4906
Lunglei,Lunglei,2022,1,Road accident,Near District Hospital,NH 150,Human Error,Yes,High,Pedestrian Impact,None,Straight Road,National Hwy,Concrete,Dry,Fair,Foggy,Dual,No,Well-lit,No,National Highway,22.8671,92.7655
Mamit,Mamit,2022,3,Road accident,Near State Secretariat,NH 150,Human Error,No,Low,Rear-end,Traffic Signal,Curve,Rural Road,Asphalt,Dry,Poor,Rainy,Single,Yes,Poor Lighting,Yes,National Highway,23.9294,92.4906
Aizawl,Aizawl,2022,3,Road accident,Near Police Station,Local Road,Human Error,No,High,Head-on,Stop Sign,Intersection,Highway,Gravel,Wet,Fair,Clear,Dual,Yes,Well-lit,No,National Highway,23.8789,92.8976
Champhai,Champhai,2023,1,Road accident,Near State Secretariat,"Main Road, Aizawl",Human Error,Yes,High,Head-on,Stop Sign,Intersection,National Hwy,Asphalt,Wet,Poor,Clear,Dual,Yes,Moderate Lighting,Yes,Village Road,23.4563,93.3282
Serchhip,Serchhip,2023,1,Road accident,Near District Hospital,NH 150,Human Error,Yes,Medium,Animal Impact,Stop Sign,Curve,State Road,Asphalt,Dry,Fair,Clear,Single,No,Moderate Lighting,Yes,National Highway,23.3417,92.8502
Mamit,Mamit,2022,3,Road accident,Near Central Market,NH 150,Human Error,Yes,Low,Side Impact,Traffic Signal,Curve,Local Road,Gravel,Dry,Poor,Foggy,Single,No,Well-lit,No,State Road,23.9294,92.4906
Aizawl,Aizawl,2021,1,Road accident,Near State Secretariat,Local Road,Human Error,Yes,Medium,Pedestrian Impact,Traffic Signal,Intersection,State Road,Gravel,Dry,Good,Clear,Dual,No,Poor Lighting,No,Village Road,23.8789,92.8976
Saiha,Saiha,2023,1,Road accident,Near Police Station,NH 150,Human Error,No,Low,Side Impact,Stop Sign,Curve,Rural Road,Concrete,Slippery,Good,Clear,Dual,Yes,Poor Lighting,No,Village Road,22.4897,92.9793
Lunglei,Lunglei,2022,1,Road accident,Near State Secretariat,"Main Road, Aizawl",Human Error,Yes,Low,Pedestrian Impact,Stop Sign,Straight Road,Local Road,Gravel,Slippery,Poor,Foggy,Single,Yes,Poor Lighting,Yes,State Road,22.8671,92.7655
Saiha,Saiha,2021,3,Road accident,Near Bus Stand,Rural Road,Human Error,No,High,Animal Impact,Stop Sign,Straight Road,National Hwy,Asphalt,Dry,Good,Foggy,Dual,Yes,Well-lit,No,Village Road,22.4897,92.9793
Champhai,Champhai,2021,2,Road accident,Near District Hospital,Rural Road,Human Error,No,Low,Pedestrian Impact,None,Intersection,Highway,Concrete,Dry,Good,Rainy,Single,No,Poor Lighting,Yes,National Highway,23.4563,93.3282
Aizawl,Aizawl,2023,1,Road accident,Near State Secretariat,Rural Road,Human Error,Yes,Low,Side Impact,None,Intersection,National Hwy,Concrete,Slippery,Good,Rainy,Dual,No,Moderate Lighting,Yes,State Road,23.8789,92.8976
Mamit,Mamit,2022,1,Road accident,Near District Hospital,Local Road,Human Error,Yes,Low,Head-on,Stop Sign,Intersection,National Hwy,Gravel,Dry,Poor,Rainy,Dual,No,Moderate Lighting,No,National Highway,23.9294,92.4906
Saiha,Saiha,2023,2,Road accident,Near Bus Stand,NH 54,Human Error,Yes,Medium,Pedestrian Impact,Traffic Signal,Straight Road,Highway,Asphalt,Slippery,Fair,Clear,Dual,Yes,Moderate Lighting,No,Village Road,22.4897,92.9793
Aizawl,Aizawl,2021,1,Road accident,Near District Hospital,"Main Road, Aizawl",Human Error,No,High,Rear-end,None,Straight Road,Local Road,Asphalt,Dry,Good,Clear,Dual,No,Well-lit,No,National Highway,23.8789,92.8976
Mamit,Mamit,2023,2,Road accident,Near Central Market,"Main Road, Aizawl",Human Error,Yes,High,Side Impact,Traffic Signal,Curve,Local Road,Concrete,Wet,Fair,Foggy,Dual,Yes,Moderate Lighting,Yes,National Highway,23.9294,92.4906
Kolasib,Kolasib,2023,3,Road accident,Near Police Station,NH 150,Human Error,Yes,Low,Side Impact,None,Curve,Highway,Asphalt,Dry,Fair,Foggy,Dual,No,Poor Lighting,No,National Highway,24.2246,92.676
Saiha,Saiha,2022,1,Road accident,Near Bus Stand,"Main Road, Aizawl",Human Error,No,Low,Side Impact,None,Intersection,National Hwy,Concrete,Dry,Fair,Foggy,Dual,Yes,Moderate Lighting,No,State Road,22.4897,92.9793
Aizawl,Aizawl,2022,1,Road accident,Near Central Market,NH 150,Human Error,Yes,Low,Rear-end,Traffic Signal,Curve,State Road,Gravel,Slippery,Good,Foggy,Dual,No,Moderate Lighting,Yes,Village Road,23.8789,92.8976
Saiha,Saiha,2022,3,Road accident,Near Police Station,Rural Road,Human Error,Yes,Medium,Pedestrian Impact,Stop Sign,Curve,Local Road,Asphalt,Wet,Fair,Foggy,Dual,Yes,Moderate Lighting,No,Village Road,22.4897,92.9793
Serchhip,Serchhip,2021,3,Road accident,Near Police Station,Rural Road,Human Error,No,High,Head-on,Traffic Signal,Curve,Rural Road,Concrete,Slippery,Good,Clear,Single,No,Poor Lighting,No,National Highway,23.3417,92.8502
Saiha,Saiha,2021,1,Road accident,Near Police Station,NH 150,Human Error,No,Low,Rear-end,Traffic Signal,Curve,National Hwy,Gravel,Slippery,Poor,Foggy,Dual,Yes,Well-lit,Yes,Village Road,22.4897,92.9793
Kolasib,Kolasib,2022,3,Road accident,Near District Hospital,"Main Road, Aizawl",Human Error,No,Low,Pedestrian Impact,Stop Sign,Intersection,National Hwy,Gravel,Dry,Fair,Clear,Single,Yes,Well-lit,No,National Highway,24.2246,92.676
Mamit,Mamit,2022,2,Road accident,Near Police Station,Rural Road,Human Error,Yes,High,Pedestrian Impact,Traffic Signal,Intersection,Local Road,Concrete,Slippery,Poor,Clear,Single,Yes,Moderate Lighting,No,State Road,23.9294,92.4906
Lunglei,Lunglei,2023,1,Road accident,Near Central Market,Local Road,Human Error,Yes,High,Pedestrian Impact,Traffic Signal,Curve,State Road,Asphalt,Dry,Fair,Foggy,Single,Yes,Moderate Lighting,Yes,National Highway,22.8671,92.7655
Saiha,Saiha,2021,3,Road accident,Near Police Station,"Main Road, Aizawl",Human Error,No,Medium,Animal Impact,Traffic Signal,Straight Road,Highway,Concrete,Wet,Poor,Clear,Single,Yes,Poor Lighting,No,Village Road,22.4897,92.9793
Serchhip,Serchhip,2023,1,Road accident,Near Central Market,Local Road,Human Error,Yes,Low,Animal Impact,None,Curve,National Hwy,Concrete,Wet,Good,Rainy,Single,Yes,Well-lit,Yes,State Road,23.3417,92.8502
Champhai,Champhai,2021,2,Road accident,Near Central Market,Local Road,Human Error,No,Low,Head-on,Traffic Signal,Straight Road,State Road,Gravel,Wet,Good,Foggy,Dual,Yes,Moderate Lighting,Yes,Village Road,23.4563,93.3282
Serchhip,Serchhip,2022,1,Road accident,Near Bus Stand,Rural Road,Human Error,Yes,Low,Side Impact,Traffic Signal,Curve,Rural Road,Gravel,Dry,Good,Clear,Dual,No,Well-lit,Yes,Village Road,23.3417,92.8502
Serchhip,Serchhip,2021,2,Road accident,Near District Hospital,NH 150,Human Error,No,Low,Animal Impact,Stop Sign,Curve,Local Road,Asphalt,Dry,Poor,Rainy,Single,No,Poor Lighting,No,State Road,23.3417,92.8502
Serchhip,Serchhip,2022,3,Road accident,Near State Secretariat,Rural Road,Human Error,Yes,Medium,Side Impact,Stop Sign,Intersection,State Road,Concrete,Dry,Poor,Clear,Dual,Yes,Poor Lighting,No,Village Road,23.3417,92.8502
Serchhip,Serchhip,2023,1,Road accident,Near Bus Stand,Rural Road,Human Error,Yes,High,Side Impact,Traffic Signal,Intersection,Rural Road,Gravel,Dry,Poor,Foggy,Single,Yes,Moderate Lighting,Yes,National Highway,23.3417,92.8502
Champhai,Champhai,2021,1,Road accident,Near Police Station,NH 150,Human Error,No,High,Animal Impact,Stop Sign,Curve,Highway,Concrete,Wet,Fair,Rainy,Single,Yes,Poor Lighting,Yes,National Highway,23.4563,93.3282
Champhai,Champhai,2023,1,Road accident,Near District Hospital,Local Road,Human Error,Yes,High,Pedestrian Impact,Stop Sign,Intersection,National Hwy,Asphalt,Slippery,Fair,Rainy,Dual,No,Moderate Lighting,Yes,Village Road,23.4563,93.3282
Aizawl,Aizawl,2023,1,Road accident,Near Police Station,NH 54,Human Error,No,Low,Pedestrian Impact,Stop Sign,Curve,Local Road,Asphalt,Wet,Fair,Rainy,Single,No,Poor Lighting,Yes,State Road,23.8789,92.8976
Lunglei,Lunglei,2021,1,Road accident,Near District Hospital,Rural Road,Human Error,Yes,Low,Rear-end,Traffic Signal,Curve,Local Road,Asphalt,Slippery,Fair,Clear,Single,Yes,Moderate Lighting,No,State Road,22.8671,92.7655
Champhai,Champhai,2022,3,Road accident,Near Central Market,"Main Road, Aizawl",Human Error,Yes,Medium,Animal Impact,Traffic Signal,Intersection,Highway,Asphalt,Dry,Fair,Clear,Dual,No,Moderate Lighting,No,National Highway,23.4563,93.3282
Kolasib,Kolasib,2021,1,Road accident,Near State Secretariat,NH 54,Human Error,Yes,High,Side Impact,Stop Sign,Intersection,Highway,Gravel,Dry,Good,Rainy,Single,No,Poor Lighting,Yes,Village Road,24.2246,92.676
Serchhip,Serchhip,2023,3,Road accident,Near Police Station,"Main Road, Aizawl",Human Error,Yes,Medium,Rear-end,None,Curve,National Hwy,Concrete,Dry,Good,Foggy,Single,No,Well-lit,Yes,State Road,23.3417,92.8502
Saiha,Saiha,2023,3,Road accident,Near Police Station,NH 150,Human Error,No,Medium,Pedestrian Impact,Traffic Signal,Curve,Highway,Gravel,Dry,Poor,Foggy,Single,No,Moderate Lighting,Yes,National Highway,22.4897,92.9793